-- phpMyAdmin SQL Dump
-- version 4.0.10deb1
-- http://www.phpmyadmin.net
--
-- Host: localhost
-- Generation Time: May 06, 2016 at 10:42 AM
-- Server version: 5.5.47-0ubuntu0.14.04.1
-- PHP Version: 5.5.9-1ubuntu4.14

SET SQL_MODE = "NO_AUTO_VALUE_ON_ZERO";
SET time_zone = "+00:00";


/*!40101 SET @OLD_CHARACTER_SET_CLIENT=@@CHARACTER_SET_CLIENT */;
/*!40101 SET @OLD_CHARACTER_SET_RESULTS=@@CHARACTER_SET_RESULTS */;
/*!40101 SET @OLD_COLLATION_CONNECTION=@@COLLATION_CONNECTION */;
/*!40101 SET NAMES utf8 */;

--
-- Database: `landgis_db`
--

-- --------------------------------------------------------

--
-- Table structure for table `auth_sessions`
--

CREATE TABLE IF NOT EXISTS `auth_sessions` (
  `id` varchar(40) NOT NULL,
  `user_id` int(10) unsigned NOT NULL,
  `login_time` datetime DEFAULT NULL,
  `modified_at` timestamp NOT NULL DEFAULT CURRENT_TIMESTAMP ON UPDATE CURRENT_TIMESTAMP,
  `ip_address` varchar(45) NOT NULL,
  `user_agent` varchar(60) DEFAULT NULL,
  PRIMARY KEY (`id`)
) ENGINE=MyISAM DEFAULT CHARSET=utf8;

--
-- Dumping data for table `auth_sessions`
--

INSERT INTO `auth_sessions` (`id`, `user_id`, `login_time`, `modified_at`, `ip_address`, `user_agent`) VALUES
('c4464229ca3a92a21ae216851f1c8222ec8ed6e8', 2887870303, '2016-02-24 03:27:14', '2016-02-24 00:27:14', '127.0.0.1', 'Chrome 48.0.2564.82 on Linux'),
('05c490f135ba5ff171ff56a9b2cc55ee83655227', 2887870303, '2016-02-24 03:31:17', '2016-02-24 00:31:17', '127.0.0.1', 'Chrome 48.0.2564.82 on Linux'),
('992b4fdbb386fe827118cc60172723232329806e', 2887870303, '2016-02-24 03:36:55', '2016-02-24 00:36:55', '127.0.0.1', 'Chrome 48.0.2564.82 on Linux');

-- --------------------------------------------------------

--
-- Table structure for table `buy_deedplan`
--

CREATE TABLE IF NOT EXISTS `buy_deedplan` (
  `buy_deedplan_id` int(11) NOT NULL AUTO_INCREMENT,
  `user_id` varchar(80) NOT NULL,
  `parcel_number` varchar(80) NOT NULL,
  `title_number` varchar(80) NOT NULL,
  `land_deedplan_id` varchar(80) NOT NULL,
  PRIMARY KEY (`buy_deedplan_id`)
) ENGINE=InnoDB DEFAULT CHARSET=latin1 AUTO_INCREMENT=1 ;

-- --------------------------------------------------------

--
-- Table structure for table `ci_sessions`
--

CREATE TABLE IF NOT EXISTS `ci_sessions` (
  `id` varchar(40) NOT NULL,
  `ip_address` varchar(45) NOT NULL,
  `timestamp` int(10) unsigned NOT NULL DEFAULT '0',
  `data` blob NOT NULL,
  PRIMARY KEY (`id`),
  KEY `ci_sessions_timestamp` (`timestamp`)
) ENGINE=MyISAM DEFAULT CHARSET=utf8;

-- --------------------------------------------------------

--
-- Table structure for table `counties`
--

CREATE TABLE IF NOT EXISTS `counties` (
  `county_id` int(20) NOT NULL AUTO_INCREMENT,
  `county` varchar(100) NOT NULL,
  PRIMARY KEY (`county_id`)
) ENGINE=InnoDB  DEFAULT CHARSET=latin1 AUTO_INCREMENT=48 ;

--
-- Dumping data for table `counties`
--

INSERT INTO `counties` (`county_id`, `county`) VALUES
(1, 'Baringo County'),
(2, 'Bomet County'),
(3, 'Bungoma County'),
(4, 'Busia County'),
(5, 'Elgeyo Marakwet County'),
(6, 'Embu County'),
(7, 'Garissa County'),
(8, 'Homa Bay County'),
(9, 'Isiolo County'),
(10, 'Kajiado County'),
(11, 'Kakamega County'),
(12, 'Kericho County'),
(13, 'Kiambu County'),
(14, 'Kilifi County'),
(15, 'Kirinyaga County'),
(16, 'Kisii County'),
(17, 'Kisumu County'),
(18, 'Kitui County'),
(19, 'Kwale County'),
(20, 'Laikipia County'),
(21, 'Lamu County'),
(22, 'Machakos County'),
(23, 'Makueni County'),
(24, 'Mandera County'),
(25, 'Marsabit County'),
(26, 'Migori County'),
(27, 'Meru County'),
(28, 'Mombasa County'),
(29, 'Muranga County'),
(30, 'Nairobi County'),
(31, 'Nakuru County'),
(32, 'Nandi County'),
(33, 'Narok County'),
(34, 'Nyamira County'),
(35, 'Nyandarua County'),
(36, 'Nyeri County'),
(37, 'Samburu County'),
(38, 'Siaya County'),
(39, 'Taita Taveta County'),
(40, 'Tana River County'),
(41, 'Tharaka Nithi County'),
(42, 'Trans Nzoia County'),
(43, 'Turkana County'),
(44, 'Uasin Gishu County'),
(45, 'Vihiga County'),
(46, 'Wajir County'),
(47, 'West Pokot County');

-- --------------------------------------------------------

--
-- Table structure for table `db_updates_log`
--

CREATE TABLE IF NOT EXISTS `db_updates_log` (
  `log_id` int(11) NOT NULL AUTO_INCREMENT,
  `updated_item` varchar(255) NOT NULL,
  `date_updated` varchar(255) NOT NULL,
  `updated_by` varchar(255) NOT NULL,
  PRIMARY KEY (`log_id`),
  KEY `updated_by` (`updated_by`)
) ENGINE=InnoDB DEFAULT CHARSET=latin1 AUTO_INCREMENT=1 ;

-- --------------------------------------------------------

--
-- Table structure for table `green_card`
--

CREATE TABLE IF NOT EXISTS `green_card` (
  `green_card_id` int(11) NOT NULL AUTO_INCREMENT,
  `title_search_id` varchar(20) NOT NULL,
  `opening_date` varchar(50) NOT NULL,
  `inhibitions` varchar(100) NOT NULL,
  `cautions` varchar(100) NOT NULL,
  `restrictions` varchar(100) NOT NULL,
  `encumbrances` varchar(100) NOT NULL,
  `pending` varchar(100) NOT NULL,
  PRIMARY KEY (`green_card_id`)
) ENGINE=InnoDB DEFAULT CHARSET=latin1 AUTO_INCREMENT=1 ;

-- --------------------------------------------------------

--
-- Table structure for table `land_deedplans`
--

CREATE TABLE IF NOT EXISTS `land_deedplans` (
  `land_deedplan_id` int(20) NOT NULL AUTO_INCREMENT,
  `parcel_no` varchar(50) NOT NULL,
  `land_deedplan_name` varchar(50) NOT NULL,
  PRIMARY KEY (`land_deedplan_id`)
) ENGINE=InnoDB DEFAULT CHARSET=latin1 AUTO_INCREMENT=1 ;

-- --------------------------------------------------------

--
-- Table structure for table `land_owner_details`
--

CREATE TABLE IF NOT EXISTS `land_owner_details` (
  `land_owner_id` int(50) NOT NULL AUTO_INCREMENT,
  `id_number` varchar(50) NOT NULL,
  `kra_pin` varchar(80) NOT NULL,
  `phone_number` varchar(50) NOT NULL,
  `title_search_id` varchar(50) NOT NULL,
  `photo_id` varchar(50) NOT NULL,
  PRIMARY KEY (`land_owner_id`)
) ENGINE=InnoDB DEFAULT CHARSET=latin1 AUTO_INCREMENT=1 ;

-- --------------------------------------------------------

--
-- Table structure for table `login`
--

CREATE TABLE IF NOT EXISTS `login` (
  `login_id` int(11) NOT NULL AUTO_INCREMENT,
  `username` varchar(50) NOT NULL,
  `password` varchar(50) NOT NULL,
  `role` varchar(50) NOT NULL,
  `user_id` varchar(50) DEFAULT NULL,
  `account_created` varchar(255) NOT NULL,
  `account_created_by` varchar(50) NOT NULL,
  `details_last_updated` varchar(255) NOT NULL,
  `details_last_updated_by` varchar(50) NOT NULL,
  `password_expiry` varchar(255) NOT NULL,
  `password_status` varchar(50) NOT NULL,
  `password_last_updated` varchar(255) NOT NULL,
  `password_last_updated_by` varchar(50) NOT NULL,
  `account_status` varchar(255) NOT NULL,
  `account_status_last_updated` varchar(255) NOT NULL,
  `account_status_updated_by` varchar(50) NOT NULL,
  `last_login` varchar(255) NOT NULL,
  PRIMARY KEY (`login_id`),
  KEY `user_id` (`user_id`),
  KEY `account_status_updated_by` (`account_status_updated_by`),
  KEY `password_last_updated_by` (`password_last_updated_by`),
  KEY `details_last_updated_by` (`details_last_updated_by`),
  KEY `account_created_by` (`account_created_by`)
) ENGINE=InnoDB DEFAULT CHARSET=latin1 AUTO_INCREMENT=1 ;

-- --------------------------------------------------------

--
-- Table structure for table `owner_notifications`
--

CREATE TABLE IF NOT EXISTS `owner_notifications` (
  `product_id` bigint(21) NOT NULL,
  `buyer_id` bigint(21) NOT NULL,
  `message` varchar(500) NOT NULL,
  `date` timestamp NOT NULL DEFAULT CURRENT_TIMESTAMP,
  `read` int(2) NOT NULL DEFAULT '0',
  `farmer_id` bigint(21) NOT NULL
) ENGINE=InnoDB DEFAULT CHARSET=latin1;

-- --------------------------------------------------------

--
-- Table structure for table `plots`
--

CREATE TABLE IF NOT EXISTS `plots` (
  `id` int(11) NOT NULL AUTO_INCREMENT,
  `PLOT_NO` varchar(10) DEFAULT NULL,
  `AREA` int(2) DEFAULT NULL,
  `TYPE` varchar(19) DEFAULT NULL,
  `UPDATED_BY` varchar(10) DEFAULT NULL,
  `DATE_` varchar(10) DEFAULT NULL,
  `XCOORD` decimal(8,6) DEFAULT NULL,
  `YCOORD` decimal(8,6) DEFAULT NULL,
  PRIMARY KEY (`id`)
) ENGINE=MyISAM  DEFAULT CHARSET=utf8 AUTO_INCREMENT=1046 ;

--
-- Dumping data for table `plots`
--

INSERT INTO `plots` (`id`, `PLOT_NO`, `AREA`, `TYPE`, `UPDATED_BY`, `DATE_`, `XCOORD`, `YCOORD`) VALUES
(1, '209/8623/1', 1, 'AUTHENTICATED PLANS', '', '', 36.856990, -1.307839),
(2, '209/8623/1', 1, 'AUTHENTICATED PLANS', '', '', 36.856681, -1.307881),
(3, '209/8623/1', 1, 'AUTHENTICATED PLANS', '', '', 36.856665, -1.307764),
(4, '209/8623/1', 1, 'AUTHENTICATED PLANS', '', '', 36.856665, -1.307764),
(5, '209/8623/1', 1, 'AUTHENTICATED PLANS', '', '', 36.856665, -1.307764),
(6, '209/8623/1', 1, 'AUTHENTICATED PLANS', '', '', 36.856665, -1.307764),
(7, '209/8623/1', 1, 'AUTHENTICATED PLANS', '', '', 36.856665, -1.307764),
(8, '209/8623/1', 1, 'AUTHENTICATED PLANS', '', '', 36.856665, -1.307764),
(9, '209/8623/1', 1, 'AUTHENTICATED PLANS', '', '', 36.856665, -1.307764),
(10, '209/8623/1', 1, 'AUTHENTICATED PLANS', '', '', 36.856665, -1.307764),
(11, '209/8623/1', 1, 'AUTHENTICATED PLANS', '', '', 36.856665, -1.307764),
(12, '209/8623/1', 1, 'AUTHENTICATED PLANS', '', '', 36.856665, -1.307764),
(13, '209/8623/1', 1, 'AUTHENTICATED PLANS', '', '', 36.856665, -1.307764),
(14, '209/8623/1', 1, 'AUTHENTICATED PLANS', '', '', 36.856665, -1.307764),
(15, '209/8623/1', 1, 'AUTHENTICATED PLANS', '', '', 36.856665, -1.307764),
(16, '209/8623/1', 1, 'AUTHENTICATED PLANS', '', '', 36.856665, -1.307764),
(17, '209/8623/1', 1, 'AUTHENTICATED PLANS', '', '', 36.856665, -1.307764),
(18, '209/8623/1', 1, 'AUTHENTICATED PLANS', '', '', 36.856665, -1.307764),
(19, '209/8623/1', 1, 'AUTHENTICATED PLANS', '', '', 36.856665, -1.307764),
(20, '209/8623/1', 1, 'AUTHENTICATED PLANS', '', '', 36.856665, -1.307764),
(21, '209/8623/1', 1, 'AUTHENTICATED PLANS', '', '', 36.856665, -1.307764),
(22, '209/8623/1', 1, 'AUTHENTICATED PLANS', '', '', 36.856665, -1.307764),
(23, '209/8623/1', 1, 'AUTHENTICATED PLANS', '', '', 36.856665, -1.307764),
(24, '209/8623/1', 1, 'AUTHENTICATED PLANS', '', '', 36.856665, -1.307764),
(25, '209/8623/1', 1, 'AUTHENTICATED PLANS', '', '', 36.856665, -1.307764),
(26, '209/8623/1', 1, 'AUTHENTICATED PLANS', '', '', 36.856665, -1.307764),
(27, '209/8623/1', 1, 'AUTHENTICATED PLANS', '', '', 36.856665, -1.307764),
(28, '209/8623/1', 1, 'AUTHENTICATED PLANS', '', '', 36.856665, -1.307764),
(29, '209/8623/1', 1, 'AUTHENTICATED PLANS', '', '', 36.856665, -1.307764),
(30, '209/8623/1', 1, 'AUTHENTICATED PLANS', '', '', 36.856665, -1.307764),
(31, '209/8623/1', 1, 'AUTHENTICATED PLANS', '', '', 36.856665, -1.307764),
(32, '209/8623/1', 1, 'AUTHENTICATED PLANS', '', '', 36.856665, -1.307764),
(33, '209/8623/1', 1, 'AUTHENTICATED PLANS', '', '', 36.856665, -1.307764),
(34, '209/8623/1', 1, 'AUTHENTICATED PLANS', '', '', 36.856665, -1.307764),
(35, '209/8623/1', 1, 'AUTHENTICATED PLANS', '', '', 36.856665, -1.307764),
(36, '209/8623/1', 1, 'AUTHENTICATED PLANS', '', '', 36.856665, -1.307764),
(37, '209/8623/1', 1, 'AUTHENTICATED PLANS', '', '', 36.856665, -1.307764),
(38, '209/8623/1', 1, 'AUTHENTICATED PLANS', '', '', 36.856665, -1.307764),
(39, '209/8623/1', 1, 'AUTHENTICATED PLANS', '', '', 36.856665, -1.307764),
(40, '209/8623/1', 1, 'AUTHENTICATED PLANS', '', '', 36.856665, -1.307764),
(41, '209/8623/1', 1, 'AUTHENTICATED PLANS', '', '', 36.856665, -1.307764),
(42, '209/8623/1', 1, 'AUTHENTICATED PLANS', '', '', 36.856665, -1.307764),
(43, '209/8623/1', 1, 'AUTHENTICATED PLANS', '', '', 36.856665, -1.307764),
(44, '209/8623/1', 1, 'AUTHENTICATED PLANS', '', '', 36.856665, -1.307764),
(45, '209/8623/1', 1, 'AUTHENTICATED PLANS', '', '', 36.856665, -1.307764),
(46, '209/8623/1', 1, 'AUTHENTICATED PLANS', '', '', 36.856665, -1.307765),
(47, '209/8623/1', 1, 'AUTHENTICATED PLANS', '', '', 36.856665, -1.307765),
(48, '209/8623/1', 1, 'AUTHENTICATED PLANS', '', '', 36.856665, -1.307765),
(49, '209/8623/1', 1, 'AUTHENTICATED PLANS', '', '', 36.856665, -1.307765),
(50, '209/8623/1', 1, 'AUTHENTICATED PLANS', '', '', 36.856665, -1.307765),
(51, '209/8623/1', 1, 'AUTHENTICATED PLANS', '', '', 36.856665, -1.307765),
(52, '209/8623/1', 1, 'AUTHENTICATED PLANS', '', '', 36.856665, -1.307765),
(53, '209/8623/1', 1, 'AUTHENTICATED PLANS', '', '', 36.856665, -1.307765),
(54, '209/8623/1', 1, 'AUTHENTICATED PLANS', '', '', 36.856665, -1.307765),
(55, '209/8623/1', 1, 'AUTHENTICATED PLANS', '', '', 36.856665, -1.307765),
(56, '209/8623/1', 1, 'AUTHENTICATED PLANS', '', '', 36.856665, -1.307765),
(57, '209/8623/1', 1, 'AUTHENTICATED PLANS', '', '', 36.856665, -1.307765),
(58, '209/8623/1', 1, 'AUTHENTICATED PLANS', '', '', 36.856665, -1.307765),
(59, '209/8623/1', 1, 'AUTHENTICATED PLANS', '', '', 36.856665, -1.307765),
(60, '209/8623/1', 1, 'AUTHENTICATED PLANS', '', '', 36.856665, -1.307765),
(61, '209/8623/1', 1, 'AUTHENTICATED PLANS', '', '', 36.856665, -1.307765),
(62, '209/8623/1', 1, 'AUTHENTICATED PLANS', '', '', 36.856665, -1.307765),
(63, '209/8623/1', 1, 'AUTHENTICATED PLANS', '', '', 36.856665, -1.307765),
(64, '209/8623/1', 1, 'AUTHENTICATED PLANS', '', '', 36.856665, -1.307765),
(65, '209/8623/1', 1, 'AUTHENTICATED PLANS', '', '', 36.856665, -1.307765),
(66, '209/8623/1', 1, 'AUTHENTICATED PLANS', '', '', 36.856665, -1.307765),
(67, '209/8623/1', 1, 'AUTHENTICATED PLANS', '', '', 36.856665, -1.307765),
(68, '209/8623/1', 1, 'AUTHENTICATED PLANS', '', '', 36.856665, -1.307765),
(69, '209/8623/1', 1, 'AUTHENTICATED PLANS', '', '', 36.856665, -1.307765),
(70, '209/8623/1', 1, 'AUTHENTICATED PLANS', '', '', 36.856665, -1.307765),
(71, '209/8623/1', 1, 'AUTHENTICATED PLANS', '', '', 36.856665, -1.307765),
(72, '209/8623/1', 1, 'AUTHENTICATED PLANS', '', '', 36.856665, -1.307765),
(73, '209/8623/1', 1, 'AUTHENTICATED PLANS', '', '', 36.856665, -1.307765),
(74, '209/8623/1', 1, 'AUTHENTICATED PLANS', '', '', 36.856665, -1.307765),
(75, '209/8623/1', 1, 'AUTHENTICATED PLANS', '', '', 36.856665, -1.307765),
(76, '209/8623/1', 1, 'AUTHENTICATED PLANS', '', '', 36.856665, -1.307765),
(77, '209/8623/1', 1, 'AUTHENTICATED PLANS', '', '', 36.856665, -1.307765),
(78, '209/8623/1', 1, 'AUTHENTICATED PLANS', '', '', 36.856665, -1.307765),
(79, '209/8623/1', 1, 'AUTHENTICATED PLANS', '', '', 36.856665, -1.307765),
(80, '209/8623/1', 1, 'AUTHENTICATED PLANS', '', '', 36.856665, -1.307765),
(81, '209/8623/1', 1, 'AUTHENTICATED PLANS', '', '', 36.856665, -1.307765),
(82, '209/8623/1', 1, 'AUTHENTICATED PLANS', '', '', 36.856665, -1.307765),
(83, '209/8623/1', 1, 'AUTHENTICATED PLANS', '', '', 36.856665, -1.307765),
(84, '209/8623/1', 1, 'AUTHENTICATED PLANS', '', '', 36.856665, -1.307765),
(85, '209/8623/1', 1, 'AUTHENTICATED PLANS', '', '', 36.856665, -1.307765),
(86, '209/8623/1', 1, 'AUTHENTICATED PLANS', '', '', 36.856665, -1.307765),
(87, '209/8623/1', 1, 'AUTHENTICATED PLANS', '', '', 36.856665, -1.307765),
(88, '209/8623/1', 1, 'AUTHENTICATED PLANS', '', '', 36.856665, -1.307765),
(89, '209/8623/1', 1, 'AUTHENTICATED PLANS', '', '', 36.856665, -1.307765),
(90, '209/8623/1', 1, 'AUTHENTICATED PLANS', '', '', 36.856665, -1.307765),
(91, '209/8623/1', 1, 'AUTHENTICATED PLANS', '', '', 36.856665, -1.307765),
(92, '209/8623/1', 1, 'AUTHENTICATED PLANS', '', '', 36.856665, -1.307765),
(93, '209/8623/1', 1, 'AUTHENTICATED PLANS', '', '', 36.856665, -1.307765),
(94, '209/8623/1', 1, 'AUTHENTICATED PLANS', '', '', 36.856665, -1.307765),
(95, '209/8623/1', 1, 'AUTHENTICATED PLANS', '', '', 36.856665, -1.307765),
(96, '209/8623/1', 1, 'AUTHENTICATED PLANS', '', '', 36.856665, -1.307765),
(97, '209/8623/1', 1, 'AUTHENTICATED PLANS', '', '', 36.856665, -1.307765),
(98, '209/8623/1', 1, 'AUTHENTICATED PLANS', '', '', 36.856665, -1.307765),
(99, '209/8623/1', 1, 'AUTHENTICATED PLANS', '', '', 36.856665, -1.307765),
(100, '209/8623/1', 1, 'AUTHENTICATED PLANS', '', '', 36.856665, -1.307765),
(101, '209/8623/1', 1, 'AUTHENTICATED PLANS', '', '', 36.856665, -1.307765),
(102, '209/8623/1', 1, 'AUTHENTICATED PLANS', '', '', 36.856665, -1.307765),
(103, '209/8623/1', 1, 'AUTHENTICATED PLANS', '', '', 36.856665, -1.307765),
(104, '209/8623/1', 1, 'AUTHENTICATED PLANS', '', '', 36.856665, -1.307765),
(105, '209/8623/1', 1, 'AUTHENTICATED PLANS', '', '', 36.856665, -1.307765),
(106, '209/8623/1', 1, 'AUTHENTICATED PLANS', '', '', 36.856665, -1.307765),
(107, '209/8623/1', 1, 'AUTHENTICATED PLANS', '', '', 36.856665, -1.307765),
(108, '209/8623/1', 1, 'AUTHENTICATED PLANS', '', '', 36.856665, -1.307765),
(109, '209/8623/1', 1, 'AUTHENTICATED PLANS', '', '', 36.856665, -1.307765),
(110, '209/8623/1', 1, 'AUTHENTICATED PLANS', '', '', 36.856665, -1.307765),
(111, '209/8623/1', 1, 'AUTHENTICATED PLANS', '', '', 36.856665, -1.307765),
(112, '209/8623/1', 1, 'AUTHENTICATED PLANS', '', '', 36.856665, -1.307765),
(113, '209/8623/1', 1, 'AUTHENTICATED PLANS', '', '', 36.856665, -1.307765),
(114, '209/8623/1', 1, 'AUTHENTICATED PLANS', '', '', 36.856665, -1.307765),
(115, '209/8623/1', 1, 'AUTHENTICATED PLANS', '', '', 36.856665, -1.307765),
(116, '209/8623/1', 1, 'AUTHENTICATED PLANS', '', '', 36.856665, -1.307765),
(117, '209/8623/1', 1, 'AUTHENTICATED PLANS', '', '', 36.856665, -1.307765),
(118, '209/8623/1', 1, 'AUTHENTICATED PLANS', '', '', 36.856665, -1.307765),
(119, '209/8623/1', 1, 'AUTHENTICATED PLANS', '', '', 36.856665, -1.307765),
(120, '209/8623/1', 1, 'AUTHENTICATED PLANS', '', '', 36.856665, -1.307765),
(121, '209/8623/1', 1, 'AUTHENTICATED PLANS', '', '', 36.856665, -1.307765),
(122, '209/8623/1', 1, 'AUTHENTICATED PLANS', '', '', 36.856665, -1.307765),
(123, '209/8623/1', 1, 'AUTHENTICATED PLANS', '', '', 36.856665, -1.307765),
(124, '209/8623/1', 1, 'AUTHENTICATED PLANS', '', '', 36.856665, -1.307765),
(125, '209/8623/1', 1, 'AUTHENTICATED PLANS', '', '', 36.856665, -1.307765),
(126, '209/8623/1', 1, 'AUTHENTICATED PLANS', '', '', 36.856665, -1.307765),
(127, '209/8623/1', 1, 'AUTHENTICATED PLANS', '', '', 36.856665, -1.307765),
(128, '209/8623/1', 1, 'AUTHENTICATED PLANS', '', '', 36.856665, -1.307765),
(129, '209/8623/1', 1, 'AUTHENTICATED PLANS', '', '', 36.856665, -1.307765),
(130, '209/8623/1', 1, 'AUTHENTICATED PLANS', '', '', 36.856665, -1.307765),
(131, '209/8623/1', 1, 'AUTHENTICATED PLANS', '', '', 36.856665, -1.307765),
(132, '209/8623/1', 1, 'AUTHENTICATED PLANS', '', '', 36.856665, -1.307765),
(133, '209/8623/1', 1, 'AUTHENTICATED PLANS', '', '', 36.856665, -1.307765),
(134, '209/8623/1', 1, 'AUTHENTICATED PLANS', '', '', 36.856665, -1.307765),
(135, '209/8623/1', 1, 'AUTHENTICATED PLANS', '', '', 36.856665, -1.307765),
(136, '209/8623/1', 1, 'AUTHENTICATED PLANS', '', '', 36.856665, -1.307765),
(137, '209/8623/1', 1, 'AUTHENTICATED PLANS', '', '', 36.856665, -1.307765),
(138, '209/8623/1', 1, 'AUTHENTICATED PLANS', '', '', 36.856665, -1.307765),
(139, '209/8623/1', 1, 'AUTHENTICATED PLANS', '', '', 36.856665, -1.307765),
(140, '209/8623/1', 1, 'AUTHENTICATED PLANS', '', '', 36.856665, -1.307765),
(141, '209/8623/1', 1, 'AUTHENTICATED PLANS', '', '', 36.856665, -1.307765),
(142, '209/8623/1', 1, 'AUTHENTICATED PLANS', '', '', 36.856665, -1.307765),
(143, '209/8623/1', 1, 'AUTHENTICATED PLANS', '', '', 36.856665, -1.307765),
(144, '209/8623/1', 1, 'AUTHENTICATED PLANS', '', '', 36.856665, -1.307765),
(145, '209/8623/1', 1, 'AUTHENTICATED PLANS', '', '', 36.856665, -1.307764),
(146, '209/8623/1', 1, 'AUTHENTICATED PLANS', '', '', 36.856665, -1.307764),
(147, '209/8623/1', 1, 'AUTHENTICATED PLANS', '', '', 36.856665, -1.307764),
(148, '209/8623/1', 1, 'AUTHENTICATED PLANS', '', '', 36.856665, -1.307764),
(149, '209/8623/1', 1, 'AUTHENTICATED PLANS', '', '', 36.856665, -1.307764),
(150, '209/8623/1', 1, 'AUTHENTICATED PLANS', '', '', 36.856665, -1.307764),
(151, '209/8623/1', 1, 'AUTHENTICATED PLANS', '', '', 36.856665, -1.307764),
(152, '209/8623/1', 1, 'AUTHENTICATED PLANS', '', '', 36.856665, -1.307764),
(153, '209/8623/1', 1, 'AUTHENTICATED PLANS', '', '', 36.856665, -1.307764),
(154, '209/8623/1', 1, 'AUTHENTICATED PLANS', '', '', 36.856665, -1.307764),
(155, '209/8623/1', 1, 'AUTHENTICATED PLANS', '', '', 36.856665, -1.307764),
(156, '209/8623/1', 1, 'AUTHENTICATED PLANS', '', '', 36.856665, -1.307764),
(157, '209/8623/1', 1, 'AUTHENTICATED PLANS', '', '', 36.856665, -1.307764),
(158, '209/8623/1', 1, 'AUTHENTICATED PLANS', '', '', 36.856665, -1.307764),
(159, '209/8623/1', 1, 'AUTHENTICATED PLANS', '', '', 36.856665, -1.307764),
(160, '209/8623/1', 1, 'AUTHENTICATED PLANS', '', '', 36.856665, -1.307764),
(161, '209/8623/1', 1, 'AUTHENTICATED PLANS', '', '', 36.856665, -1.307764),
(162, '209/8623/1', 1, 'AUTHENTICATED PLANS', '', '', 36.856665, -1.307764),
(163, '209/8623/1', 1, 'AUTHENTICATED PLANS', '', '', 36.856665, -1.307764),
(164, '209/8623/1', 1, 'AUTHENTICATED PLANS', '', '', 36.856665, -1.307764),
(165, '209/8623/1', 1, 'AUTHENTICATED PLANS', '', '', 36.856665, -1.307764),
(166, '209/8623/1', 1, 'AUTHENTICATED PLANS', '', '', 36.856665, -1.307764),
(167, '209/8623/1', 1, 'AUTHENTICATED PLANS', '', '', 36.856665, -1.307764),
(168, '209/8623/1', 1, 'AUTHENTICATED PLANS', '', '', 36.856665, -1.307764),
(169, '209/8623/1', 1, 'AUTHENTICATED PLANS', '', '', 36.856665, -1.307764),
(170, '209/8623/1', 1, 'AUTHENTICATED PLANS', '', '', 36.856665, -1.307764),
(171, '209/8623/1', 1, 'AUTHENTICATED PLANS', '', '', 36.856665, -1.307764),
(172, '209/8623/1', 1, 'AUTHENTICATED PLANS', '', '', 36.856665, -1.307764),
(173, '209/8623/1', 1, 'AUTHENTICATED PLANS', '', '', 36.856665, -1.307764),
(174, '209/8623/1', 1, 'AUTHENTICATED PLANS', '', '', 36.856665, -1.307764),
(175, '209/8623/1', 1, 'AUTHENTICATED PLANS', '', '', 36.856665, -1.307764),
(176, '209/8623/1', 1, 'AUTHENTICATED PLANS', '', '', 36.856665, -1.307764),
(177, '209/8623/1', 1, 'AUTHENTICATED PLANS', '', '', 36.856665, -1.307764),
(178, '209/8623/1', 1, 'AUTHENTICATED PLANS', '', '', 36.856665, -1.307764),
(179, '209/8623/1', 1, 'AUTHENTICATED PLANS', '', '', 36.856665, -1.307764),
(180, '209/8623/1', 1, 'AUTHENTICATED PLANS', '', '', 36.856665, -1.307764),
(181, '209/8623/1', 1, 'AUTHENTICATED PLANS', '', '', 36.856665, -1.307764),
(182, '209/8623/1', 1, 'AUTHENTICATED PLANS', '', '', 36.856665, -1.307764),
(183, '209/8623/1', 1, 'AUTHENTICATED PLANS', '', '', 36.856665, -1.307764),
(184, '209/8623/1', 1, 'AUTHENTICATED PLANS', '', '', 36.856665, -1.307764),
(185, '209/8623/1', 1, 'AUTHENTICATED PLANS', '', '', 36.856665, -1.307764),
(186, '209/8623/1', 1, 'AUTHENTICATED PLANS', '', '', 36.856665, -1.307764),
(187, '209/8623/1', 1, 'AUTHENTICATED PLANS', '', '', 36.856665, -1.307764),
(188, '209/8623/1', 1, 'AUTHENTICATED PLANS', '', '', 36.856665, -1.307764),
(189, '209/8623/1', 1, 'AUTHENTICATED PLANS', '', '', 36.856665, -1.307764),
(190, '209/8623/1', 1, 'AUTHENTICATED PLANS', '', '', 36.856665, -1.307764),
(191, '209/8623/1', 1, 'AUTHENTICATED PLANS', '', '', 36.856665, -1.307764),
(192, '209/8623/1', 1, 'AUTHENTICATED PLANS', '', '', 36.856665, -1.307764),
(193, '209/8623/1', 1, 'AUTHENTICATED PLANS', '', '', 36.856665, -1.307764),
(194, '209/8623/1', 1, 'AUTHENTICATED PLANS', '', '', 36.856974, -1.307722),
(195, '209/8623/1', 1, 'AUTHENTICATED PLANS', '', '', 36.856990, -1.307839),
(196, '209/8623/2', 2, 'AUTHENTICATED PLANS', '', '', 36.856810, -1.308023),
(197, '209/8623/2', 2, 'AUTHENTICATED PLANS', '', '', 36.856687, -1.307928),
(198, '209/8623/2', 2, 'AUTHENTICATED PLANS', '', '', 36.856681, -1.307881),
(199, '209/8623/2', 2, 'AUTHENTICATED PLANS', '', '', 36.856990, -1.307839),
(200, '209/8623/2', 2, 'AUTHENTICATED PLANS', '', '', 36.856974, -1.307722),
(201, '209/8623/2', 2, 'AUTHENTICATED PLANS', '', '', 36.857072, -1.307709),
(202, '209/8623/2', 2, 'AUTHENTICATED PLANS', '', '', 36.857072, -1.307709),
(203, '209/8623/2', 2, 'AUTHENTICATED PLANS', '', '', 36.857072, -1.307709),
(204, '209/8623/2', 2, 'AUTHENTICATED PLANS', '', '', 36.857072, -1.307709),
(205, '209/8623/2', 2, 'AUTHENTICATED PLANS', '', '', 36.857072, -1.307709),
(206, '209/8623/2', 2, 'AUTHENTICATED PLANS', '', '', 36.857072, -1.307709),
(207, '209/8623/2', 2, 'AUTHENTICATED PLANS', '', '', 36.857072, -1.307709),
(208, '209/8623/2', 2, 'AUTHENTICATED PLANS', '', '', 36.857072, -1.307709),
(209, '209/8623/2', 2, 'AUTHENTICATED PLANS', '', '', 36.857072, -1.307709),
(210, '209/8623/2', 2, 'AUTHENTICATED PLANS', '', '', 36.857072, -1.307709),
(211, '209/8623/2', 2, 'AUTHENTICATED PLANS', '', '', 36.857072, -1.307709),
(212, '209/8623/2', 2, 'AUTHENTICATED PLANS', '', '', 36.857072, -1.307709),
(213, '209/8623/2', 2, 'AUTHENTICATED PLANS', '', '', 36.857072, -1.307709),
(214, '209/8623/2', 2, 'AUTHENTICATED PLANS', '', '', 36.857072, -1.307709),
(215, '209/8623/2', 2, 'AUTHENTICATED PLANS', '', '', 36.857072, -1.307709),
(216, '209/8623/2', 2, 'AUTHENTICATED PLANS', '', '', 36.857072, -1.307709),
(217, '209/8623/2', 2, 'AUTHENTICATED PLANS', '', '', 36.857072, -1.307709),
(218, '209/8623/2', 2, 'AUTHENTICATED PLANS', '', '', 36.857072, -1.307709),
(219, '209/8623/2', 2, 'AUTHENTICATED PLANS', '', '', 36.857072, -1.307709),
(220, '209/8623/2', 2, 'AUTHENTICATED PLANS', '', '', 36.857072, -1.307709),
(221, '209/8623/2', 2, 'AUTHENTICATED PLANS', '', '', 36.857072, -1.307709),
(222, '209/8623/2', 2, 'AUTHENTICATED PLANS', '', '', 36.857072, -1.307709),
(223, '209/8623/2', 2, 'AUTHENTICATED PLANS', '', '', 36.857072, -1.307709),
(224, '209/8623/2', 2, 'AUTHENTICATED PLANS', '', '', 36.857072, -1.307709),
(225, '209/8623/2', 2, 'AUTHENTICATED PLANS', '', '', 36.857072, -1.307709),
(226, '209/8623/2', 2, 'AUTHENTICATED PLANS', '', '', 36.857072, -1.307709),
(227, '209/8623/2', 2, 'AUTHENTICATED PLANS', '', '', 36.857072, -1.307709),
(228, '209/8623/2', 2, 'AUTHENTICATED PLANS', '', '', 36.857072, -1.307709),
(229, '209/8623/2', 2, 'AUTHENTICATED PLANS', '', '', 36.857072, -1.307709),
(230, '209/8623/2', 2, 'AUTHENTICATED PLANS', '', '', 36.857072, -1.307709),
(231, '209/8623/2', 2, 'AUTHENTICATED PLANS', '', '', 36.857072, -1.307709),
(232, '209/8623/2', 2, 'AUTHENTICATED PLANS', '', '', 36.857072, -1.307709),
(233, '209/8623/2', 2, 'AUTHENTICATED PLANS', '', '', 36.857072, -1.307709),
(234, '209/8623/2', 2, 'AUTHENTICATED PLANS', '', '', 36.857072, -1.307709),
(235, '209/8623/2', 2, 'AUTHENTICATED PLANS', '', '', 36.857072, -1.307709),
(236, '209/8623/2', 2, 'AUTHENTICATED PLANS', '', '', 36.857072, -1.307709),
(237, '209/8623/2', 2, 'AUTHENTICATED PLANS', '', '', 36.857072, -1.307709),
(238, '209/8623/2', 2, 'AUTHENTICATED PLANS', '', '', 36.857072, -1.307709),
(239, '209/8623/2', 2, 'AUTHENTICATED PLANS', '', '', 36.857072, -1.307709),
(240, '209/8623/2', 2, 'AUTHENTICATED PLANS', '', '', 36.857072, -1.307709),
(241, '209/8623/2', 2, 'AUTHENTICATED PLANS', '', '', 36.857072, -1.307709),
(242, '209/8623/2', 2, 'AUTHENTICATED PLANS', '', '', 36.857072, -1.307709),
(243, '209/8623/2', 2, 'AUTHENTICATED PLANS', '', '', 36.857072, -1.307709),
(244, '209/8623/2', 2, 'AUTHENTICATED PLANS', '', '', 36.857072, -1.307709),
(245, '209/8623/2', 2, 'AUTHENTICATED PLANS', '', '', 36.857072, -1.307709),
(246, '209/8623/2', 2, 'AUTHENTICATED PLANS', '', '', 36.857072, -1.307709),
(247, '209/8623/2', 2, 'AUTHENTICATED PLANS', '', '', 36.857072, -1.307709),
(248, '209/8623/2', 2, 'AUTHENTICATED PLANS', '', '', 36.857072, -1.307709),
(249, '209/8623/2', 2, 'AUTHENTICATED PLANS', '', '', 36.857072, -1.307709),
(250, '209/8623/2', 2, 'AUTHENTICATED PLANS', '', '', 36.857072, -1.307709),
(251, '209/8623/2', 2, 'AUTHENTICATED PLANS', '', '', 36.857072, -1.307709),
(252, '209/8623/2', 2, 'AUTHENTICATED PLANS', '', '', 36.857072, -1.307709),
(253, '209/8623/2', 2, 'AUTHENTICATED PLANS', '', '', 36.857072, -1.307709),
(254, '209/8623/2', 2, 'AUTHENTICATED PLANS', '', '', 36.857072, -1.307709),
(255, '209/8623/2', 2, 'AUTHENTICATED PLANS', '', '', 36.857072, -1.307709),
(256, '209/8623/2', 2, 'AUTHENTICATED PLANS', '', '', 36.857072, -1.307709),
(257, '209/8623/2', 2, 'AUTHENTICATED PLANS', '', '', 36.857072, -1.307709),
(258, '209/8623/2', 2, 'AUTHENTICATED PLANS', '', '', 36.857072, -1.307709),
(259, '209/8623/2', 2, 'AUTHENTICATED PLANS', '', '', 36.857072, -1.307709),
(260, '209/8623/2', 2, 'AUTHENTICATED PLANS', '', '', 36.857072, -1.307709),
(261, '209/8623/2', 2, 'AUTHENTICATED PLANS', '', '', 36.857072, -1.307709),
(262, '209/8623/2', 2, 'AUTHENTICATED PLANS', '', '', 36.857072, -1.307709),
(263, '209/8623/2', 2, 'AUTHENTICATED PLANS', '', '', 36.857072, -1.307709),
(264, '209/8623/2', 2, 'AUTHENTICATED PLANS', '', '', 36.857072, -1.307709),
(265, '209/8623/2', 2, 'AUTHENTICATED PLANS', '', '', 36.857072, -1.307709),
(266, '209/8623/2', 2, 'AUTHENTICATED PLANS', '', '', 36.857072, -1.307709),
(267, '209/8623/2', 2, 'AUTHENTICATED PLANS', '', '', 36.857072, -1.307709),
(268, '209/8623/2', 2, 'AUTHENTICATED PLANS', '', '', 36.857072, -1.307709),
(269, '209/8623/2', 2, 'AUTHENTICATED PLANS', '', '', 36.857072, -1.307709),
(270, '209/8623/2', 2, 'AUTHENTICATED PLANS', '', '', 36.857072, -1.307709),
(271, '209/8623/2', 2, 'AUTHENTICATED PLANS', '', '', 36.857072, -1.307709),
(272, '209/8623/2', 2, 'AUTHENTICATED PLANS', '', '', 36.857072, -1.307709),
(273, '209/8623/2', 2, 'AUTHENTICATED PLANS', '', '', 36.857072, -1.307709),
(274, '209/8623/2', 2, 'AUTHENTICATED PLANS', '', '', 36.857072, -1.307709),
(275, '209/8623/2', 2, 'AUTHENTICATED PLANS', '', '', 36.857072, -1.307709),
(276, '209/8623/2', 2, 'AUTHENTICATED PLANS', '', '', 36.857072, -1.307709),
(277, '209/8623/2', 2, 'AUTHENTICATED PLANS', '', '', 36.857072, -1.307709),
(278, '209/8623/2', 2, 'AUTHENTICATED PLANS', '', '', 36.857072, -1.307709),
(279, '209/8623/2', 2, 'AUTHENTICATED PLANS', '', '', 36.857072, -1.307709),
(280, '209/8623/2', 2, 'AUTHENTICATED PLANS', '', '', 36.857072, -1.307709),
(281, '209/8623/2', 2, 'AUTHENTICATED PLANS', '', '', 36.857072, -1.307709),
(282, '209/8623/2', 2, 'AUTHENTICATED PLANS', '', '', 36.857072, -1.307709),
(283, '209/8623/2', 2, 'AUTHENTICATED PLANS', '', '', 36.857072, -1.307709),
(284, '209/8623/2', 2, 'AUTHENTICATED PLANS', '', '', 36.857072, -1.307709),
(285, '209/8623/2', 2, 'AUTHENTICATED PLANS', '', '', 36.857072, -1.307709),
(286, '209/8623/2', 2, 'AUTHENTICATED PLANS', '', '', 36.857072, -1.307709),
(287, '209/8623/2', 2, 'AUTHENTICATED PLANS', '', '', 36.857072, -1.307709),
(288, '209/8623/2', 2, 'AUTHENTICATED PLANS', '', '', 36.857072, -1.307709),
(289, '209/8623/2', 2, 'AUTHENTICATED PLANS', '', '', 36.857072, -1.307709),
(290, '209/8623/2', 2, 'AUTHENTICATED PLANS', '', '', 36.857072, -1.307709),
(291, '209/8623/2', 2, 'AUTHENTICATED PLANS', '', '', 36.857072, -1.307709),
(292, '209/8623/2', 2, 'AUTHENTICATED PLANS', '', '', 36.857072, -1.307709),
(293, '209/8623/2', 2, 'AUTHENTICATED PLANS', '', '', 36.857072, -1.307709),
(294, '209/8623/2', 2, 'AUTHENTICATED PLANS', '', '', 36.857109, -1.307982),
(295, '209/8623/2', 2, 'AUTHENTICATED PLANS', '', '', 36.857109, -1.307982),
(296, '209/8623/2', 2, 'AUTHENTICATED PLANS', '', '', 36.857109, -1.307982),
(297, '209/8623/2', 2, 'AUTHENTICATED PLANS', '', '', 36.857109, -1.307982),
(298, '209/8623/2', 2, 'AUTHENTICATED PLANS', '', '', 36.857109, -1.307982),
(299, '209/8623/2', 2, 'AUTHENTICATED PLANS', '', '', 36.857109, -1.307982),
(300, '209/8623/2', 2, 'AUTHENTICATED PLANS', '', '', 36.857109, -1.307982),
(301, '209/8623/2', 2, 'AUTHENTICATED PLANS', '', '', 36.857109, -1.307982),
(302, '209/8623/2', 2, 'AUTHENTICATED PLANS', '', '', 36.857109, -1.307982),
(303, '209/8623/2', 2, 'AUTHENTICATED PLANS', '', '', 36.857108, -1.307982),
(304, '209/8623/2', 2, 'AUTHENTICATED PLANS', '', '', 36.857108, -1.307982),
(305, '209/8623/2', 2, 'AUTHENTICATED PLANS', '', '', 36.857108, -1.307982),
(306, '209/8623/2', 2, 'AUTHENTICATED PLANS', '', '', 36.857108, -1.307982),
(307, '209/8623/2', 2, 'AUTHENTICATED PLANS', '', '', 36.857108, -1.307982),
(308, '209/8623/2', 2, 'AUTHENTICATED PLANS', '', '', 36.857108, -1.307982),
(309, '209/8623/2', 2, 'AUTHENTICATED PLANS', '', '', 36.857108, -1.307982),
(310, '209/8623/2', 2, 'AUTHENTICATED PLANS', '', '', 36.857108, -1.307982),
(311, '209/8623/2', 2, 'AUTHENTICATED PLANS', '', '', 36.857108, -1.307982),
(312, '209/8623/2', 2, 'AUTHENTICATED PLANS', '', '', 36.857108, -1.307982),
(313, '209/8623/2', 2, 'AUTHENTICATED PLANS', '', '', 36.857108, -1.307982),
(314, '209/8623/2', 2, 'AUTHENTICATED PLANS', '', '', 36.857108, -1.307982),
(315, '209/8623/2', 2, 'AUTHENTICATED PLANS', '', '', 36.857108, -1.307982),
(316, '209/8623/2', 2, 'AUTHENTICATED PLANS', '', '', 36.857108, -1.307982),
(317, '209/8623/2', 2, 'AUTHENTICATED PLANS', '', '', 36.857108, -1.307982),
(318, '209/8623/2', 2, 'AUTHENTICATED PLANS', '', '', 36.857108, -1.307982),
(319, '209/8623/2', 2, 'AUTHENTICATED PLANS', '', '', 36.857108, -1.307982),
(320, '209/8623/2', 2, 'AUTHENTICATED PLANS', '', '', 36.857108, -1.307982),
(321, '209/8623/2', 2, 'AUTHENTICATED PLANS', '', '', 36.857108, -1.307982),
(322, '209/8623/2', 2, 'AUTHENTICATED PLANS', '', '', 36.857108, -1.307982),
(323, '209/8623/2', 2, 'AUTHENTICATED PLANS', '', '', 36.857108, -1.307982),
(324, '209/8623/2', 2, 'AUTHENTICATED PLANS', '', '', 36.857108, -1.307982),
(325, '209/8623/2', 2, 'AUTHENTICATED PLANS', '', '', 36.857108, -1.307982),
(326, '209/8623/2', 2, 'AUTHENTICATED PLANS', '', '', 36.857108, -1.307982),
(327, '209/8623/2', 2, 'AUTHENTICATED PLANS', '', '', 36.857108, -1.307982),
(328, '209/8623/2', 2, 'AUTHENTICATED PLANS', '', '', 36.857108, -1.307982),
(329, '209/8623/2', 2, 'AUTHENTICATED PLANS', '', '', 36.857108, -1.307982),
(330, '209/8623/2', 2, 'AUTHENTICATED PLANS', '', '', 36.857108, -1.307982),
(331, '209/8623/2', 2, 'AUTHENTICATED PLANS', '', '', 36.857108, -1.307982),
(332, '209/8623/2', 2, 'AUTHENTICATED PLANS', '', '', 36.857108, -1.307982),
(333, '209/8623/2', 2, 'AUTHENTICATED PLANS', '', '', 36.857108, -1.307982),
(334, '209/8623/2', 2, 'AUTHENTICATED PLANS', '', '', 36.857108, -1.307982),
(335, '209/8623/2', 2, 'AUTHENTICATED PLANS', '', '', 36.857108, -1.307982),
(336, '209/8623/2', 2, 'AUTHENTICATED PLANS', '', '', 36.857108, -1.307982),
(337, '209/8623/2', 2, 'AUTHENTICATED PLANS', '', '', 36.857108, -1.307982),
(338, '209/8623/2', 2, 'AUTHENTICATED PLANS', '', '', 36.857108, -1.307982),
(339, '209/8623/2', 2, 'AUTHENTICATED PLANS', '', '', 36.857108, -1.307982),
(340, '209/8623/2', 2, 'AUTHENTICATED PLANS', '', '', 36.857108, -1.307982),
(341, '209/8623/2', 2, 'AUTHENTICATED PLANS', '', '', 36.857108, -1.307982),
(342, '209/8623/2', 2, 'AUTHENTICATED PLANS', '', '', 36.857108, -1.307982),
(343, '209/8623/2', 2, 'AUTHENTICATED PLANS', '', '', 36.857108, -1.307982),
(344, '209/8623/2', 2, 'AUTHENTICATED PLANS', '', '', 36.857108, -1.307982),
(345, '209/8623/2', 2, 'AUTHENTICATED PLANS', '', '', 36.857108, -1.307982),
(346, '209/8623/2', 2, 'AUTHENTICATED PLANS', '', '', 36.857108, -1.307982),
(347, '209/8623/2', 2, 'AUTHENTICATED PLANS', '', '', 36.857108, -1.307982),
(348, '209/8623/2', 2, 'AUTHENTICATED PLANS', '', '', 36.857108, -1.307982),
(349, '209/8623/2', 2, 'AUTHENTICATED PLANS', '', '', 36.857108, -1.307982),
(350, '209/8623/2', 2, 'AUTHENTICATED PLANS', '', '', 36.857108, -1.307982),
(351, '209/8623/2', 2, 'AUTHENTICATED PLANS', '', '', 36.857108, -1.307982),
(352, '209/8623/2', 2, 'AUTHENTICATED PLANS', '', '', 36.857108, -1.307982),
(353, '209/8623/2', 2, 'AUTHENTICATED PLANS', '', '', 36.857108, -1.307982),
(354, '209/8623/2', 2, 'AUTHENTICATED PLANS', '', '', 36.857108, -1.307982),
(355, '209/8623/2', 2, 'AUTHENTICATED PLANS', '', '', 36.857108, -1.307982),
(356, '209/8623/2', 2, 'AUTHENTICATED PLANS', '', '', 36.857108, -1.307982),
(357, '209/8623/2', 2, 'AUTHENTICATED PLANS', '', '', 36.857108, -1.307982),
(358, '209/8623/2', 2, 'AUTHENTICATED PLANS', '', '', 36.857108, -1.307982),
(359, '209/8623/2', 2, 'AUTHENTICATED PLANS', '', '', 36.857108, -1.307982),
(360, '209/8623/2', 2, 'AUTHENTICATED PLANS', '', '', 36.857108, -1.307982),
(361, '209/8623/2', 2, 'AUTHENTICATED PLANS', '', '', 36.857108, -1.307982),
(362, '209/8623/2', 2, 'AUTHENTICATED PLANS', '', '', 36.857108, -1.307982),
(363, '209/8623/2', 2, 'AUTHENTICATED PLANS', '', '', 36.857108, -1.307982),
(364, '209/8623/2', 2, 'AUTHENTICATED PLANS', '', '', 36.857108, -1.307982),
(365, '209/8623/2', 2, 'AUTHENTICATED PLANS', '', '', 36.857108, -1.307982),
(366, '209/8623/2', 2, 'AUTHENTICATED PLANS', '', '', 36.857108, -1.307982),
(367, '209/8623/2', 2, 'AUTHENTICATED PLANS', '', '', 36.857108, -1.307982),
(368, '209/8623/2', 2, 'AUTHENTICATED PLANS', '', '', 36.857108, -1.307982),
(369, '209/8623/2', 2, 'AUTHENTICATED PLANS', '', '', 36.857108, -1.307982),
(370, '209/8623/2', 2, 'AUTHENTICATED PLANS', '', '', 36.857108, -1.307982),
(371, '209/8623/2', 2, 'AUTHENTICATED PLANS', '', '', 36.857108, -1.307982),
(372, '209/8623/2', 2, 'AUTHENTICATED PLANS', '', '', 36.857108, -1.307982),
(373, '209/8623/2', 2, 'AUTHENTICATED PLANS', '', '', 36.857108, -1.307982),
(374, '209/8623/2', 2, 'AUTHENTICATED PLANS', '', '', 36.857108, -1.307982),
(375, '209/8623/2', 2, 'AUTHENTICATED PLANS', '', '', 36.857108, -1.307982),
(376, '209/8623/2', 2, 'AUTHENTICATED PLANS', '', '', 36.857108, -1.307982),
(377, '209/8623/2', 2, 'AUTHENTICATED PLANS', '', '', 36.857108, -1.307982),
(378, '209/8623/2', 2, 'AUTHENTICATED PLANS', '', '', 36.857108, -1.307982),
(379, '209/8623/2', 2, 'AUTHENTICATED PLANS', '', '', 36.857108, -1.307982),
(380, '209/8623/2', 2, 'AUTHENTICATED PLANS', '', '', 36.857108, -1.307982),
(381, '209/8623/2', 2, 'AUTHENTICATED PLANS', '', '', 36.857108, -1.307982),
(382, '209/8623/2', 2, 'AUTHENTICATED PLANS', '', '', 36.857108, -1.307982),
(383, '209/8623/2', 2, 'AUTHENTICATED PLANS', '', '', 36.857108, -1.307982),
(384, '209/8623/2', 2, 'AUTHENTICATED PLANS', '', '', 36.857108, -1.307982),
(385, '209/8623/2', 2, 'AUTHENTICATED PLANS', '', '', 36.857108, -1.307982),
(386, '209/8623/2', 2, 'AUTHENTICATED PLANS', '', '', 36.857108, -1.307982),
(387, '209/8623/2', 2, 'AUTHENTICATED PLANS', '', '', 36.857108, -1.307982),
(388, '209/8623/2', 2, 'AUTHENTICATED PLANS', '', '', 36.857108, -1.307982),
(389, '209/8623/2', 2, 'AUTHENTICATED PLANS', '', '', 36.856810, -1.308023),
(390, '209/8296/1', 3, 'AUTHENTICATED PLANS', '', '', 36.856974, -1.307722),
(391, '209/8296/1', 3, 'AUTHENTICATED PLANS', '', '', 36.856938, -1.307451),
(392, '209/8296/1', 3, 'AUTHENTICATED PLANS', '', '', 36.857035, -1.307436),
(393, '209/8296/1', 3, 'AUTHENTICATED PLANS', '', '', 36.857072, -1.307709),
(394, '209/8296/1', 3, 'AUTHENTICATED PLANS', '', '', 36.857072, -1.307709),
(395, '209/8296/1', 3, 'AUTHENTICATED PLANS', '', '', 36.856974, -1.307722),
(396, '209/8296/2', 4, 'AUTHENTICATED PLANS', '', '', 36.856974, -1.307722),
(397, '209/8296/2', 4, 'AUTHENTICATED PLANS', '', '', 36.856665, -1.307764),
(398, '209/8296/2', 4, 'AUTHENTICATED PLANS', '', '', 36.856643, -1.307600),
(399, '209/8296/2', 4, 'AUTHENTICATED PLANS', '', '', 36.856737, -1.307476),
(400, '209/8296/2', 4, 'AUTHENTICATED PLANS', '', '', 36.856937, -1.307449),
(401, '209/8296/2', 4, 'AUTHENTICATED PLANS', '', '', 36.856974, -1.307722),
(402, '209/8559/1', 5, 'AUTHENTICATED PLANS', '', '', 36.859331, -1.309098),
(403, '209/8559/1', 5, 'AUTHENTICATED PLANS', '', '', 36.859234, -1.308378),
(404, '209/8559/1', 5, 'AUTHENTICATED PLANS', '', '', 36.859484, -1.308298),
(405, '209/8559/1', 5, 'AUTHENTICATED PLANS', '', '', 36.859591, -1.309062),
(406, '209/8559/1', 5, 'AUTHENTICATED PLANS', '', '', 36.859331, -1.309098),
(407, '209/8559/2', 6, 'AUTHENTICATED PLANS', '', '', 36.859591, -1.309062),
(408, '209/8559/2', 6, 'AUTHENTICATED PLANS', '', '', 36.859484, -1.308298),
(409, '209/8559/2', 6, 'AUTHENTICATED PLANS', '', '', 36.859520, -1.308286),
(410, '209/8559/2', 6, 'AUTHENTICATED PLANS', '', '', 36.859987, -1.308136),
(411, '209/8559/2', 6, 'AUTHENTICATED PLANS', '', '', 36.860062, -1.308373),
(412, '209/8559/2', 6, 'AUTHENTICATED PLANS', '', '', 36.860130, -1.308878),
(413, '209/8559/2', 6, 'AUTHENTICATED PLANS', '', '', 36.860085, -1.308892),
(414, '209/8559/2', 6, 'AUTHENTICATED PLANS', '', '', 36.860036, -1.309002),
(415, '209/8559/2', 6, 'AUTHENTICATED PLANS', '', '', 36.859624, -1.309058),
(416, '209/8559/2', 6, 'AUTHENTICATED PLANS', '', '', 36.859591, -1.309062),
(417, '209/7611', 7, 'AUTHENTICATED PLANS', '', '', 36.855969, -1.313361),
(418, '209/7611', 7, 'AUTHENTICATED PLANS', '', '', 36.855966, -1.313358),
(419, '209/7611', 7, 'AUTHENTICATED PLANS', '', '', 36.855957, -1.313348),
(420, '209/7611', 7, 'AUTHENTICATED PLANS', '', '', 36.855950, -1.313339),
(421, '209/7611', 7, 'AUTHENTICATED PLANS', '', '', 36.855912, -1.313307),
(422, '209/7611', 7, 'AUTHENTICATED PLANS', '', '', 36.855874, -1.313262),
(423, '209/7611', 7, 'AUTHENTICATED PLANS', '', '', 36.855827, -1.313215),
(424, '209/7611', 7, 'AUTHENTICATED PLANS', '', '', 36.855787, -1.313161),
(425, '209/7611', 7, 'AUTHENTICATED PLANS', '', '', 36.855768, -1.313129),
(426, '209/7611', 7, 'AUTHENTICATED PLANS', '', '', 36.855746, -1.313086),
(427, '209/7611', 7, 'AUTHENTICATED PLANS', '', '', 36.855729, -1.313049),
(428, '209/7611', 7, 'AUTHENTICATED PLANS', '', '', 36.855709, -1.313005),
(429, '209/7611', 7, 'AUTHENTICATED PLANS', '', '', 36.855676, -1.312922),
(430, '209/7611', 7, 'AUTHENTICATED PLANS', '', '', 36.855647, -1.312828),
(431, '209/7611', 7, 'AUTHENTICATED PLANS', '', '', 36.855634, -1.312769),
(432, '209/7611', 7, 'AUTHENTICATED PLANS', '', '', 36.855624, -1.312690),
(433, '209/7611', 7, 'AUTHENTICATED PLANS', '', '', 36.855621, -1.312636),
(434, '209/7611', 7, 'AUTHENTICATED PLANS', '', '', 36.855618, -1.312581),
(435, '209/7611', 7, 'AUTHENTICATED PLANS', '', '', 36.855621, -1.312507),
(436, '209/7611', 7, 'AUTHENTICATED PLANS', '', '', 36.855628, -1.312438),
(437, '209/7611', 7, 'AUTHENTICATED PLANS', '', '', 36.855636, -1.312413),
(438, '209/7611', 7, 'AUTHENTICATED PLANS', '', '', 36.855642, -1.312382),
(439, '209/7611', 7, 'AUTHENTICATED PLANS', '', '', 36.855657, -1.312341),
(440, '209/7611', 7, 'AUTHENTICATED PLANS', '', '', 36.855669, -1.312296),
(441, '209/7611', 7, 'AUTHENTICATED PLANS', '', '', 36.855674, -1.312279),
(442, '209/7611', 7, 'AUTHENTICATED PLANS', '', '', 36.855683, -1.312264),
(443, '209/7611', 7, 'AUTHENTICATED PLANS', '', '', 36.855688, -1.312248),
(444, '209/7611', 7, 'AUTHENTICATED PLANS', '', '', 36.855694, -1.312229),
(445, '209/7611', 7, 'AUTHENTICATED PLANS', '', '', 36.855701, -1.312217),
(446, '209/7611', 7, 'AUTHENTICATED PLANS', '', '', 36.855707, -1.312205),
(447, '209/7611', 7, 'AUTHENTICATED PLANS', '', '', 36.855713, -1.312195),
(448, '209/7611', 7, 'AUTHENTICATED PLANS', '', '', 36.855722, -1.312178),
(449, '209/7611', 7, 'AUTHENTICATED PLANS', '', '', 36.856642, -1.310316),
(450, '209/7611', 7, 'AUTHENTICATED PLANS', '', '', 36.857641, -1.310829),
(451, '209/7611', 7, 'AUTHENTICATED PLANS', '', '', 36.856431, -1.313277),
(452, '209/7611', 7, 'AUTHENTICATED PLANS', '', '', 36.855969, -1.313361),
(453, '209/4251', 8, 'AUTHENTICATED PLANS', '', '', 36.852057, -1.309471),
(454, '209/4251', 8, 'AUTHENTICATED PLANS', '', '', 36.851965, -1.308783),
(455, '209/4251', 8, 'AUTHENTICATED PLANS', '', '', 36.853191, -1.308616),
(456, '209/4251', 8, 'AUTHENTICATED PLANS', '', '', 36.853174, -1.308658),
(457, '209/4251', 8, 'AUTHENTICATED PLANS', '', '', 36.853111, -1.308778),
(458, '209/4251', 8, 'AUTHENTICATED PLANS', '', '', 36.853031, -1.308889),
(459, '209/4251', 8, 'AUTHENTICATED PLANS', '', '', 36.852938, -1.308987),
(460, '209/4251', 8, 'AUTHENTICATED PLANS', '', '', 36.852832, -1.309072),
(461, '209/4251', 8, 'AUTHENTICATED PLANS', '', '', 36.852715, -1.309141),
(462, '209/4251', 8, 'AUTHENTICATED PLANS', '', '', 36.852057, -1.309471),
(463, '209/4250', 9, 'AUTHENTICATED PLANS', '', '', 36.853191, -1.308616),
(464, '209/4250', 9, 'AUTHENTICATED PLANS', '', '', 36.851965, -1.308783),
(465, '209/4250', 9, 'AUTHENTICATED PLANS', '', '', 36.851899, -1.308290),
(466, '209/4250', 9, 'AUTHENTICATED PLANS', '', '', 36.853247, -1.308107),
(467, '209/4250', 9, 'AUTHENTICATED PLANS', '', '', 36.853250, -1.308124),
(468, '209/4250', 9, 'AUTHENTICATED PLANS', '', '', 36.853258, -1.308260),
(469, '209/4250', 9, 'AUTHENTICATED PLANS', '', '', 36.853249, -1.308396),
(470, '209/4250', 9, 'AUTHENTICATED PLANS', '', '', 36.853220, -1.308530),
(471, '209/4250', 9, 'AUTHENTICATED PLANS', '', '', 36.853191, -1.308616),
(472, '209/4248', 10, 'AUTHENTICATED PLANS', '', '', 36.853142, -1.307322),
(473, '209/4248', 10, 'AUTHENTICATED PLANS', '', '', 36.851793, -1.307505),
(474, '209/4248', 10, 'AUTHENTICATED PLANS', '', '', 36.851728, -1.307021),
(475, '209/4248', 10, 'AUTHENTICATED PLANS', '', '', 36.853077, -1.306838),
(476, '209/4248', 10, 'AUTHENTICATED PLANS', '', '', 36.853142, -1.307322),
(477, '209/4247', 11, 'AUTHENTICATED PLANS', '', '', 36.853077, -1.306838),
(478, '209/4247', 11, 'AUTHENTICATED PLANS', '', '', 36.851728, -1.307021),
(479, '209/4247', 11, 'AUTHENTICATED PLANS', '', '', 36.851664, -1.306548),
(480, '209/4247', 11, 'AUTHENTICATED PLANS', '', '', 36.853013, -1.306365),
(481, '209/4247', 11, 'AUTHENTICATED PLANS', '', '', 36.853077, -1.306838),
(482, '209/4246', 12, 'AUTHENTICATED PLANS', '', '', 36.853013, -1.306365),
(483, '209/4246', 12, 'AUTHENTICATED PLANS', '', '', 36.851664, -1.306548),
(484, '209/4246', 12, 'AUTHENTICATED PLANS', '', '', 36.851568, -1.305830),
(485, '209/4246', 12, 'AUTHENTICATED PLANS', '', '', 36.852917, -1.305647),
(486, '209/4246', 12, 'AUTHENTICATED PLANS', '', '', 36.853013, -1.306365),
(487, '209/8642', 13, 'AUTHENTICATED PLANS', '', '', 36.857297, -1.309375),
(488, '209/8642', 13, 'AUTHENTICATED PLANS', '', '', 36.857213, -1.308760),
(489, '209/8642', 13, 'AUTHENTICATED PLANS', '', '', 36.857959, -1.308659),
(490, '209/8642', 13, 'AUTHENTICATED PLANS', '', '', 36.858006, -1.309009),
(491, '209/8642', 13, 'AUTHENTICATED PLANS', '', '', 36.858037, -1.309242),
(492, '209/8642', 13, 'AUTHENTICATED PLANS', '', '', 36.858072, -1.309269),
(493, '209/8642', 13, 'AUTHENTICATED PLANS', '', '', 36.857297, -1.309375),
(494, '209/13224', 14, 'AUTHENTICATED PLANS', '', '', 36.855630, -1.310074),
(495, '209/13224', 14, 'AUTHENTICATED PLANS', '', '', 36.855482, -1.310000),
(496, '209/13224', 14, 'AUTHENTICATED PLANS', '', '', 36.855591, -1.309778),
(497, '209/13224', 14, 'AUTHENTICATED PLANS', '', '', 36.855740, -1.309852),
(498, '209/13224', 14, 'AUTHENTICATED PLANS', '', '', 36.855789, -1.309938),
(499, '209/13224', 14, 'AUTHENTICATED PLANS', '', '', 36.856255, -1.310172),
(500, '209/13224', 14, 'AUTHENTICATED PLANS', '', '', 36.856365, -1.310134),
(501, '209/13224', 14, 'AUTHENTICATED PLANS', '', '', 36.856328, -1.310208),
(502, '209/13224', 14, 'AUTHENTICATED PLANS', '', '', 36.856280, -1.310307),
(503, '209/13224', 14, 'AUTHENTICATED PLANS', '', '', 36.856243, -1.310381),
(504, '209/13224', 14, 'AUTHENTICATED PLANS', '', '', 36.856206, -1.310270),
(505, '209/13224', 14, 'AUTHENTICATED PLANS', '', '', 36.855740, -1.310037),
(506, '209/13224', 14, 'AUTHENTICATED PLANS', '', '', 36.855630, -1.310074),
(507, '209/7410', 15, 'AUTHENTICATED PLANS', '', '', 36.857641, -1.310829),
(508, '209/7410', 15, 'AUTHENTICATED PLANS', '', '', 36.856642, -1.310316),
(509, '209/7410', 15, 'AUTHENTICATED PLANS', '', '', 36.856917, -1.309760),
(510, '209/7410', 15, 'AUTHENTICATED PLANS', '', '', 36.859223, -1.309446),
(511, '209/7410', 15, 'AUTHENTICATED PLANS', '', '', 36.859377, -1.310593),
(512, '209/7410', 15, 'AUTHENTICATED PLANS', '', '', 36.857641, -1.310829),
(513, '209/7139', 16, 'AUTHENTICATED PLANS', '', '', 36.857193, -1.305523),
(514, '209/7139', 16, 'AUTHENTICATED PLANS', '', '', 36.856379, -1.305634),
(515, '209/7139', 16, 'AUTHENTICATED PLANS', '', '', 36.856357, -1.305470),
(516, '209/7139', 16, 'AUTHENTICATED PLANS', '', '', 36.856451, -1.305346),
(517, '209/7139', 16, 'AUTHENTICATED PLANS', '', '', 36.857156, -1.305250),
(518, '209/7139', 16, 'AUTHENTICATED PLANS', '', '', 36.857193, -1.305523),
(519, '209/7974', 17, 'AUTHENTICATED PLANS', '', '', 36.856524, -1.305893),
(520, '209/7974', 17, 'AUTHENTICATED PLANS', '', '', 36.856401, -1.305798),
(521, '209/7974', 17, 'AUTHENTICATED PLANS', '', '', 36.856379, -1.305634),
(522, '209/7974', 17, 'AUTHENTICATED PLANS', '', '', 36.857193, -1.305523),
(523, '209/7974', 17, 'AUTHENTICATED PLANS', '', '', 36.857229, -1.305797),
(524, '209/7974', 17, 'AUTHENTICATED PLANS', '', '', 36.856524, -1.305893),
(525, '209/11607', 18, 'AUTHENTICATED PLANS', '', '', 36.853236, -1.306379),
(526, '209/11607', 18, 'AUTHENTICATED PLANS', '', '', 36.853140, -1.305664),
(527, '209/11607', 18, 'AUTHENTICATED PLANS', '', '', 36.854489, -1.305480),
(528, '209/11607', 18, 'AUTHENTICATED PLANS', '', '', 36.854521, -1.305717),
(529, '209/11607', 18, 'AUTHENTICATED PLANS', '', '', 36.854585, -1.306194),
(530, '209/11607', 18, 'AUTHENTICATED PLANS', '', '', 36.853236, -1.306379),
(531, '209/4249/1', 19, 'AUTHENTICATED PLANS', '', '', 36.853073, -1.307505),
(532, '209/4249/1', 19, 'AUTHENTICATED PLANS', '', '', 36.851834, -1.307670),
(533, '209/4249/1', 19, 'AUTHENTICATED PLANS', '', '', 36.851816, -1.307673),
(534, '209/4249/1', 19, 'AUTHENTICATED PLANS', '', '', 36.851793, -1.307505),
(535, '209/4249/1', 19, 'AUTHENTICATED PLANS', '', '', 36.853142, -1.307322),
(536, '209/4249/1', 19, 'AUTHENTICATED PLANS', '', '', 36.853165, -1.307493),
(537, '209/4249/1', 19, 'AUTHENTICATED PLANS', '', '', 36.853073, -1.307505),
(538, '209/4249/2', 20, 'AUTHENTICATED PLANS', '', '', 36.853161, -1.307670),
(539, '209/4249/2', 20, 'AUTHENTICATED PLANS', '', '', 36.851866, -1.307844),
(540, '209/4249/2', 20, 'AUTHENTICATED PLANS', '', '', 36.851839, -1.307848),
(541, '209/4249/2', 20, 'AUTHENTICATED PLANS', '', '', 36.851816, -1.307673),
(542, '209/4249/2', 20, 'AUTHENTICATED PLANS', '', '', 36.851834, -1.307670),
(543, '209/4249/2', 20, 'AUTHENTICATED PLANS', '', '', 36.853073, -1.307505),
(544, '209/4249/2', 20, 'AUTHENTICATED PLANS', '', '', 36.853165, -1.307493),
(545, '209/4249/2', 20, 'AUTHENTICATED PLANS', '', '', 36.853188, -1.307666),
(546, '209/4249/2', 20, 'AUTHENTICATED PLANS', '', '', 36.853161, -1.307670),
(547, '209/4249/3', 21, 'AUTHENTICATED PLANS', '', '', 36.851940, -1.308089),
(548, '209/4249/3', 21, 'AUTHENTICATED PLANS', '', '', 36.851873, -1.308100),
(549, '209/4249/3', 21, 'AUTHENTICATED PLANS', '', '', 36.851839, -1.307848),
(550, '209/4249/3', 21, 'AUTHENTICATED PLANS', '', '', 36.851866, -1.307844),
(551, '209/4249/3', 21, 'AUTHENTICATED PLANS', '', '', 36.853161, -1.307670),
(552, '209/4249/3', 21, 'AUTHENTICATED PLANS', '', '', 36.853188, -1.307666),
(553, '209/4249/3', 21, 'AUTHENTICATED PLANS', '', '', 36.853215, -1.307866),
(554, '209/4249/3', 21, 'AUTHENTICATED PLANS', '', '', 36.853161, -1.307877),
(555, '209/4249/3', 21, 'AUTHENTICATED PLANS', '', '', 36.851940, -1.308089),
(556, '209/4249/4', 22, 'AUTHENTICATED PLANS', '', '', 36.851899, -1.308290),
(557, '209/4249/4', 22, 'AUTHENTICATED PLANS', '', '', 36.851873, -1.308100),
(558, '209/4249/4', 22, 'AUTHENTICATED PLANS', '', '', 36.851940, -1.308089),
(559, '209/4249/4', 22, 'AUTHENTICATED PLANS', '', '', 36.853161, -1.307877),
(560, '209/4249/4', 22, 'AUTHENTICATED PLANS', '', '', 36.853215, -1.307866),
(561, '209/4249/4', 22, 'AUTHENTICATED PLANS', '', '', 36.853247, -1.308107),
(562, '209/4249/4', 22, 'AUTHENTICATED PLANS', '', '', 36.851899, -1.308290),
(563, '209/11464', 23, 'AUTHENTICATED PLANS', '', '', 36.856599, -1.307274),
(564, '209/11464', 23, 'AUTHENTICATED PLANS', '', '', 36.856445, -1.306125),
(565, '209/11464', 23, 'AUTHENTICATED PLANS', '', '', 36.856491, -1.306064),
(566, '209/11464', 23, 'AUTHENTICATED PLANS', '', '', 36.856981, -1.305997),
(567, '209/11464', 23, 'AUTHENTICATED PLANS', '', '', 36.857042, -1.306044),
(568, '209/11464', 23, 'AUTHENTICATED PLANS', '', '', 36.857138, -1.306696),
(569, '209/11464', 23, 'AUTHENTICATED PLANS', '', '', 36.857212, -1.307245),
(570, '209/11464', 23, 'AUTHENTICATED PLANS', '', '', 36.856660, -1.307320),
(571, '209/11464', 23, 'AUTHENTICATED PLANS', '', '', 36.856599, -1.307274),
(572, '209/11486', 24, 'AUTHENTICATED PLANS', '', '', 36.857175, -1.306969),
(573, '209/11486', 24, 'AUTHENTICATED PLANS', '', '', 36.857138, -1.306696),
(574, '209/11486', 24, 'AUTHENTICATED PLANS', '', '', 36.857200, -1.306688),
(575, '209/11486', 24, 'AUTHENTICATED PLANS', '', '', 36.857237, -1.306961),
(576, '209/11486', 24, 'AUTHENTICATED PLANS', '', '', 36.857175, -1.306969),
(577, '209/11487', 25, 'AUTHENTICATED PLANS', '', '', 36.857237, -1.306961),
(578, '209/11487', 25, 'AUTHENTICATED PLANS', '', '', 36.857200, -1.306688),
(579, '209/11487', 25, 'AUTHENTICATED PLANS', '', '', 36.857263, -1.306680),
(580, '209/11487', 25, 'AUTHENTICATED PLANS', '', '', 36.857299, -1.306953),
(581, '209/11487', 25, 'AUTHENTICATED PLANS', '', '', 36.857237, -1.306961),
(582, '209/11488', 26, 'AUTHENTICATED PLANS', '', '', 36.857362, -1.306945),
(583, '209/11488', 26, 'AUTHENTICATED PLANS', '', '', 36.857299, -1.306953),
(584, '209/11488', 26, 'AUTHENTICATED PLANS', '', '', 36.857263, -1.306680),
(585, '209/11488', 26, 'AUTHENTICATED PLANS', '', '', 36.857325, -1.306672),
(586, '209/11488', 26, 'AUTHENTICATED PLANS', '', '', 36.857362, -1.306945),
(587, '209/11489', 27, 'AUTHENTICATED PLANS', '', '', 36.857362, -1.306945),
(588, '209/11489', 27, 'AUTHENTICATED PLANS', '', '', 36.857325, -1.306672),
(589, '209/11489', 27, 'AUTHENTICATED PLANS', '', '', 36.857387, -1.306664),
(590, '209/11489', 27, 'AUTHENTICATED PLANS', '', '', 36.857424, -1.306937),
(591, '209/11489', 27, 'AUTHENTICATED PLANS', '', '', 36.857362, -1.306945),
(592, '209/11490', 28, 'AUTHENTICATED PLANS', '', '', 36.857519, -1.306925),
(593, '209/11490', 28, 'AUTHENTICATED PLANS', '', '', 36.857424, -1.306937),
(594, '209/11490', 28, 'AUTHENTICATED PLANS', '', '', 36.857387, -1.306664),
(595, '209/11490', 28, 'AUTHENTICATED PLANS', '', '', 36.857456, -1.306655),
(596, '209/11490', 28, 'AUTHENTICATED PLANS', '', '', 36.857486, -1.306679),
(597, '209/11490', 28, 'AUTHENTICATED PLANS', '', '', 36.857519, -1.306925),
(598, '209/11491', 29, 'AUTHENTICATED PLANS', '', '', 36.857212, -1.307245),
(599, '209/11491', 29, 'AUTHENTICATED PLANS', '', '', 36.857175, -1.306969),
(600, '209/11491', 29, 'AUTHENTICATED PLANS', '', '', 36.857237, -1.306961),
(601, '209/11491', 29, 'AUTHENTICATED PLANS', '', '', 36.857274, -1.307237),
(602, '209/11491', 29, 'AUTHENTICATED PLANS', '', '', 36.857212, -1.307245),
(603, '209/11492', 30, 'AUTHENTICATED PLANS', '', '', 36.857274, -1.307237),
(604, '209/11492', 30, 'AUTHENTICATED PLANS', '', '', 36.857237, -1.306961),
(605, '209/11492', 30, 'AUTHENTICATED PLANS', '', '', 36.857299, -1.306953),
(606, '209/11492', 30, 'AUTHENTICATED PLANS', '', '', 36.857336, -1.307228),
(607, '209/11492', 30, 'AUTHENTICATED PLANS', '', '', 36.857274, -1.307237),
(608, '209/11493', 31, 'AUTHENTICATED PLANS', '', '', 36.857336, -1.307228),
(609, '209/11493', 31, 'AUTHENTICATED PLANS', '', '', 36.857299, -1.306953),
(610, '209/11493', 31, 'AUTHENTICATED PLANS', '', '', 36.857362, -1.306945),
(611, '209/11493', 31, 'AUTHENTICATED PLANS', '', '', 36.857398, -1.307220),
(612, '209/11493', 31, 'AUTHENTICATED PLANS', '', '', 36.857336, -1.307228),
(613, '209/11494', 32, 'AUTHENTICATED PLANS', '', '', 36.857398, -1.307220),
(614, '209/11494', 32, 'AUTHENTICATED PLANS', '', '', 36.857362, -1.306945),
(615, '209/11494', 32, 'AUTHENTICATED PLANS', '', '', 36.857424, -1.306937),
(616, '209/11494', 32, 'AUTHENTICATED PLANS', '', '', 36.857461, -1.307211),
(617, '209/11494', 32, 'AUTHENTICATED PLANS', '', '', 36.857398, -1.307220),
(618, '209/11495', 33, 'AUTHENTICATED PLANS', '', '', 36.857461, -1.307211),
(619, '209/11495', 33, 'AUTHENTICATED PLANS', '', '', 36.857424, -1.306937),
(620, '209/11495', 33, 'AUTHENTICATED PLANS', '', '', 36.857519, -1.306925),
(621, '209/11495', 33, 'AUTHENTICATED PLANS', '', '', 36.857552, -1.307171),
(622, '209/11495', 33, 'AUTHENTICATED PLANS', '', '', 36.857529, -1.307202),
(623, '209/11495', 33, 'AUTHENTICATED PLANS', '', '', 36.857461, -1.307211),
(624, '209/11465', 34, 'AUTHENTICATED PLANS', '', '', 36.857231, -1.306246),
(625, '209/11465', 34, 'AUTHENTICATED PLANS', '', '', 36.857195, -1.305968),
(626, '209/11465', 34, 'AUTHENTICATED PLANS', '', '', 36.857393, -1.305910),
(627, '209/11465', 34, 'AUTHENTICATED PLANS', '', '', 36.857434, -1.306187),
(628, '209/11465', 34, 'AUTHENTICATED PLANS', '', '', 36.857231, -1.306246),
(629, '209/11466', 35, 'AUTHENTICATED PLANS', '', '', 36.857434, -1.306187),
(630, '209/11466', 35, 'AUTHENTICATED PLANS', '', '', 36.857393, -1.305910),
(631, '209/11466', 35, 'AUTHENTICATED PLANS', '', '', 36.857586, -1.305854),
(632, '209/11466', 35, 'AUTHENTICATED PLANS', '', '', 36.857627, -1.306132),
(633, '209/11466', 35, 'AUTHENTICATED PLANS', '', '', 36.857434, -1.306187),
(634, '209/11485', 36, 'AUTHENTICATED PLANS', '', '', 36.857275, -1.306515),
(635, '209/11485', 36, 'AUTHENTICATED PLANS', '', '', 36.857231, -1.306246),
(636, '209/11485', 36, 'AUTHENTICATED PLANS', '', '', 36.857434, -1.306187),
(637, '209/11485', 36, 'AUTHENTICATED PLANS', '', '', 36.857478, -1.306487),
(638, '209/11485', 36, 'AUTHENTICATED PLANS', '', '', 36.857275, -1.306515),
(639, '209/11484', 37, 'AUTHENTICATED PLANS', '', '', 36.857478, -1.306487),
(640, '209/11484', 37, 'AUTHENTICATED PLANS', '', '', 36.857434, -1.306187),
(641, '209/11484', 37, 'AUTHENTICATED PLANS', '', '', 36.857627, -1.306132),
(642, '209/11484', 37, 'AUTHENTICATED PLANS', '', '', 36.857673, -1.306446),
(643, '209/11484', 37, 'AUTHENTICATED PLANS', '', '', 36.857511, -1.306484),
(644, '209/11484', 37, 'AUTHENTICATED PLANS', '', '', 36.857478, -1.306487),
(645, '209/11467', 38, 'AUTHENTICATED PLANS', '', '', 36.857692, -1.306141),
(646, '209/11467', 38, 'AUTHENTICATED PLANS', '', '', 36.857648, -1.305837),
(647, '209/11467', 38, 'AUTHENTICATED PLANS', '', '', 36.857777, -1.305799),
(648, '209/11467', 38, 'AUTHENTICATED PLANS', '', '', 36.857822, -1.306103),
(649, '209/11467', 38, 'AUTHENTICATED PLANS', '', '', 36.857692, -1.306141),
(650, '209/11483', 39, 'AUTHENTICATED PLANS', '', '', 36.857735, -1.306431),
(651, '209/11483', 39, 'AUTHENTICATED PLANS', '', '', 36.857692, -1.306141),
(652, '209/11483', 39, 'AUTHENTICATED PLANS', '', '', 36.857822, -1.306103),
(653, '209/11483', 39, 'AUTHENTICATED PLANS', '', '', 36.857865, -1.306400),
(654, '209/11483', 39, 'AUTHENTICATED PLANS', '', '', 36.857735, -1.306431),
(655, '209/11482', 40, 'AUTHENTICATED PLANS', '', '', 36.857865, -1.306400),
(656, '209/11482', 40, 'AUTHENTICATED PLANS', '', '', 36.857822, -1.306103),
(657, '209/11482', 40, 'AUTHENTICATED PLANS', '', '', 36.857960, -1.306063),
(658, '209/11482', 40, 'AUTHENTICATED PLANS', '', '', 36.858005, -1.306366),
(659, '209/11482', 40, 'AUTHENTICATED PLANS', '', '', 36.857865, -1.306400),
(660, '209/11481', 41, 'AUTHENTICATED PLANS', '', '', 36.858005, -1.306366),
(661, '209/11481', 41, 'AUTHENTICATED PLANS', '', '', 36.857960, -1.306063),
(662, '209/11481', 41, 'AUTHENTICATED PLANS', '', '', 36.858089, -1.306025),
(663, '209/11481', 41, 'AUTHENTICATED PLANS', '', '', 36.858135, -1.306335),
(664, '209/11481', 41, 'AUTHENTICATED PLANS', '', '', 36.858005, -1.306366),
(665, '209/8590', 42, 'AUTHENTICATED PLANS', '', '', 36.859811, -1.307581),
(666, '209/8590', 42, 'AUTHENTICATED PLANS', '', '', 36.858895, -1.307706),
(667, '209/8590', 42, 'AUTHENTICATED PLANS', '', '', 36.858742, -1.306563),
(668, '209/8590', 42, 'AUTHENTICATED PLANS', '', '', 36.858715, -1.306364);
INSERT INTO `plots` (`id`, `PLOT_NO`, `AREA`, `TYPE`, `UPDATED_BY`, `DATE_`, `XCOORD`, `YCOORD`) VALUES
(669, '209/8590', 42, 'AUTHENTICATED PLANS', '', '', 36.859054, -1.306318),
(670, '209/8590', 42, 'AUTHENTICATED PLANS', '', '', 36.859112, -1.306405),
(671, '209/8590', 42, 'AUTHENTICATED PLANS', '', '', 36.859478, -1.306952),
(672, '209/8590', 42, 'AUTHENTICATED PLANS', '', '', 36.859732, -1.307333),
(673, '209/8590', 42, 'AUTHENTICATED PLANS', '', '', 36.859811, -1.307581),
(674, '209/11496', 43, 'AUTHENTICATED PLANS', '', '', 36.858022, -1.306934),
(675, '209/11496', 43, 'AUTHENTICATED PLANS', '', '', 36.857732, -1.306973),
(676, '209/11496', 43, 'AUTHENTICATED PLANS', '', '', 36.857687, -1.306637),
(677, '209/11496', 43, 'AUTHENTICATED PLANS', '', '', 36.857710, -1.306604),
(678, '209/11496', 43, 'AUTHENTICATED PLANS', '', '', 36.857969, -1.306542),
(679, '209/11496', 43, 'AUTHENTICATED PLANS', '', '', 36.858022, -1.306934),
(680, '209/11510', 44, 'AUTHENTICATED PLANS', '', '', 36.858283, -1.306689),
(681, '209/11510', 44, 'AUTHENTICATED PLANS', '', '', 36.857994, -1.306728),
(682, '209/11510', 44, 'AUTHENTICATED PLANS', '', '', 36.857969, -1.306542),
(683, '209/11510', 44, 'AUTHENTICATED PLANS', '', '', 36.858228, -1.306480),
(684, '209/11510', 44, 'AUTHENTICATED PLANS', '', '', 36.858258, -1.306501),
(685, '209/11510', 44, 'AUTHENTICATED PLANS', '', '', 36.858283, -1.306689),
(686, '209/11509', 45, 'AUTHENTICATED PLANS', '', '', 36.858311, -1.306895),
(687, '209/11509', 45, 'AUTHENTICATED PLANS', '', '', 36.858022, -1.306934),
(688, '209/11509', 45, 'AUTHENTICATED PLANS', '', '', 36.857994, -1.306728),
(689, '209/11509', 45, 'AUTHENTICATED PLANS', '', '', 36.858283, -1.306689),
(690, '209/11509', 45, 'AUTHENTICATED PLANS', '', '', 36.858311, -1.306895),
(691, '209/11508', 46, 'AUTHENTICATED PLANS', '', '', 36.858337, -1.307092),
(692, '209/11508', 46, 'AUTHENTICATED PLANS', '', '', 36.858048, -1.307131),
(693, '209/11508', 46, 'AUTHENTICATED PLANS', '', '', 36.858022, -1.306934),
(694, '209/11508', 46, 'AUTHENTICATED PLANS', '', '', 36.858311, -1.306895),
(695, '209/11508', 46, 'AUTHENTICATED PLANS', '', '', 36.858337, -1.307092),
(696, '209/11497', 47, 'AUTHENTICATED PLANS', '', '', 36.857759, -1.307171),
(697, '209/11497', 47, 'AUTHENTICATED PLANS', '', '', 36.857732, -1.306973),
(698, '209/11497', 47, 'AUTHENTICATED PLANS', '', '', 36.858022, -1.306934),
(699, '209/11497', 47, 'AUTHENTICATED PLANS', '', '', 36.858048, -1.307131),
(700, '209/11497', 47, 'AUTHENTICATED PLANS', '', '', 36.857759, -1.307171),
(701, '209/11498', 48, 'AUTHENTICATED PLANS', '', '', 36.857804, -1.307508),
(702, '209/11498', 48, 'AUTHENTICATED PLANS', '', '', 36.857766, -1.307224),
(703, '209/11498', 48, 'AUTHENTICATED PLANS', '', '', 36.858095, -1.307180),
(704, '209/11498', 48, 'AUTHENTICATED PLANS', '', '', 36.858103, -1.307239),
(705, '209/11498', 48, 'AUTHENTICATED PLANS', '', '', 36.858063, -1.307245),
(706, '209/11498', 48, 'AUTHENTICATED PLANS', '', '', 36.858084, -1.307397),
(707, '209/11498', 48, 'AUTHENTICATED PLANS', '', '', 36.858093, -1.307469),
(708, '209/11498', 48, 'AUTHENTICATED PLANS', '', '', 36.857804, -1.307508),
(709, '209/11507', 49, 'AUTHENTICATED PLANS', '', '', 36.858373, -1.307357),
(710, '209/11507', 49, 'AUTHENTICATED PLANS', '', '', 36.858084, -1.307397),
(711, '209/11507', 49, 'AUTHENTICATED PLANS', '', '', 36.858063, -1.307245),
(712, '209/11507', 49, 'AUTHENTICATED PLANS', '', '', 36.858103, -1.307239),
(713, '209/11507', 49, 'AUTHENTICATED PLANS', '', '', 36.858095, -1.307180),
(714, '209/11507', 49, 'AUTHENTICATED PLANS', '', '', 36.858345, -1.307146),
(715, '209/11507', 49, 'AUTHENTICATED PLANS', '', '', 36.858373, -1.307357),
(716, '209/11499', 50, 'AUTHENTICATED PLANS', '', '', 36.857833, -1.307723),
(717, '209/11499', 50, 'AUTHENTICATED PLANS', '', '', 36.857804, -1.307508),
(718, '209/11499', 50, 'AUTHENTICATED PLANS', '', '', 36.858093, -1.307469),
(719, '209/11499', 50, 'AUTHENTICATED PLANS', '', '', 36.858112, -1.307603),
(720, '209/11499', 50, 'AUTHENTICATED PLANS', '', '', 36.858122, -1.307684),
(721, '209/11499', 50, 'AUTHENTICATED PLANS', '', '', 36.857833, -1.307723),
(722, '209/11506', 0, 'AUTHENTICATED PLANS', '', '', 36.858401, -1.307564),
(723, '209/11506', 0, 'AUTHENTICATED PLANS', '', '', 36.858112, -1.307603),
(724, '209/11506', 0, 'AUTHENTICATED PLANS', '', '', 36.858093, -1.307469),
(725, '209/11506', 0, 'AUTHENTICATED PLANS', '', '', 36.858084, -1.307397),
(726, '209/11506', 0, 'AUTHENTICATED PLANS', '', '', 36.858373, -1.307357),
(727, '209/11506', 0, 'AUTHENTICATED PLANS', '', '', 36.858401, -1.307564),
(728, '209/11500', 0, 'AUTHENTICATED PLANS', '', '', 36.858139, -1.307809),
(729, '209/11500', 0, 'AUTHENTICATED PLANS', '', '', 36.857850, -1.307848),
(730, '209/11500', 0, 'AUTHENTICATED PLANS', '', '', 36.857833, -1.307723),
(731, '209/11500', 0, 'AUTHENTICATED PLANS', '', '', 36.858122, -1.307684),
(732, '209/11500', 0, 'AUTHENTICATED PLANS', '', '', 36.858139, -1.307809),
(733, '209/11505', 0, 'AUTHENTICATED PLANS', '', '', 36.858139, -1.307809),
(734, '209/11505', 0, 'AUTHENTICATED PLANS', '', '', 36.858122, -1.307684),
(735, '209/11505', 0, 'AUTHENTICATED PLANS', '', '', 36.858112, -1.307603),
(736, '209/11505', 0, 'AUTHENTICATED PLANS', '', '', 36.858401, -1.307564),
(737, '209/11505', 0, 'AUTHENTICATED PLANS', '', '', 36.858429, -1.307770),
(738, '209/11505', 0, 'AUTHENTICATED PLANS', '', '', 36.858139, -1.307809),
(739, '209/11501', 0, 'AUTHENTICATED PLANS', '', '', 36.857898, -1.308203),
(740, '209/11501', 0, 'AUTHENTICATED PLANS', '', '', 36.857859, -1.307916),
(741, '209/11501', 0, 'AUTHENTICATED PLANS', '', '', 36.858148, -1.307877),
(742, '209/11501', 0, 'AUTHENTICATED PLANS', '', '', 36.858187, -1.308164),
(743, '209/11501', 0, 'AUTHENTICATED PLANS', '', '', 36.857898, -1.308203),
(744, '209/11504', 0, 'AUTHENTICATED PLANS', '', '', 36.858187, -1.308164),
(745, '209/11504', 0, 'AUTHENTICATED PLANS', '', '', 36.858148, -1.307877),
(746, '209/11504', 0, 'AUTHENTICATED PLANS', '', '', 36.858438, -1.307838),
(747, '209/11504', 0, 'AUTHENTICATED PLANS', '', '', 36.858476, -1.308124),
(748, '209/11504', 0, 'AUTHENTICATED PLANS', '', '', 36.858187, -1.308164),
(749, '209/11502', 0, 'AUTHENTICATED PLANS', '', '', 36.857917, -1.308346),
(750, '209/11502', 0, 'AUTHENTICATED PLANS', '', '', 36.857898, -1.308203),
(751, '209/11502', 0, 'AUTHENTICATED PLANS', '', '', 36.858187, -1.308164),
(752, '209/11502', 0, 'AUTHENTICATED PLANS', '', '', 36.858210, -1.308334),
(753, '209/11502', 0, 'AUTHENTICATED PLANS', '', '', 36.857947, -1.308370),
(754, '209/11502', 0, 'AUTHENTICATED PLANS', '', '', 36.857917, -1.308346),
(755, '209/11503', 0, 'AUTHENTICATED PLANS', '', '', 36.858210, -1.308334),
(756, '209/11503', 0, 'AUTHENTICATED PLANS', '', '', 36.858187, -1.308164),
(757, '209/11503', 0, 'AUTHENTICATED PLANS', '', '', 36.858476, -1.308124),
(758, '209/11503', 0, 'AUTHENTICATED PLANS', '', '', 36.858494, -1.308259),
(759, '209/11503', 0, 'AUTHENTICATED PLANS', '', '', 36.858463, -1.308299),
(760, '209/11503', 0, 'AUTHENTICATED PLANS', '', '', 36.858210, -1.308334),
(761, '209/11520', 0, 'AUTHENTICATED PLANS', '', '', 36.858654, -1.308237),
(762, '209/11520', 0, 'AUTHENTICATED PLANS', '', '', 36.858598, -1.307816),
(763, '209/11520', 0, 'AUTHENTICATED PLANS', '', '', 36.858632, -1.308067),
(764, '209/11520', 0, 'AUTHENTICATED PLANS', '', '', 36.858938, -1.308025),
(765, '209/11520', 0, 'AUTHENTICATED PLANS', '', '', 36.858966, -1.308231),
(766, '209/11520', 0, 'AUTHENTICATED PLANS', '', '', 36.858695, -1.308268),
(767, '209/11520', 0, 'AUTHENTICATED PLANS', '', '', 36.858654, -1.308237),
(768, '209/11519', 0, 'AUTHENTICATED PLANS', '', '', 36.858632, -1.308067),
(769, '209/11519', 0, 'AUTHENTICATED PLANS', '', '', 36.858598, -1.307816),
(770, '209/11519', 0, 'AUTHENTICATED PLANS', '', '', 36.858860, -1.307780),
(771, '209/11519', 0, 'AUTHENTICATED PLANS', '', '', 36.858872, -1.307870),
(772, '209/11519', 0, 'AUTHENTICATED PLANS', '', '', 36.858916, -1.307864),
(773, '209/11519', 0, 'AUTHENTICATED PLANS', '', '', 36.858938, -1.308025),
(774, '209/11519', 0, 'AUTHENTICATED PLANS', '', '', 36.858632, -1.308067),
(775, '209/11518', 0, 'AUTHENTICATED PLANS', '', '', 36.858916, -1.307864),
(776, '209/11518', 0, 'AUTHENTICATED PLANS', '', '', 36.858872, -1.307870),
(777, '209/11518', 0, 'AUTHENTICATED PLANS', '', '', 36.858860, -1.307780),
(778, '209/11518', 0, 'AUTHENTICATED PLANS', '', '', 36.858904, -1.307774),
(779, '209/11518', 0, 'AUTHENTICATED PLANS', '', '', 36.858916, -1.307864),
(780, '209/11517', 0, 'AUTHENTICATED PLANS', '', '', 36.858589, -1.307748),
(781, '209/11517', 0, 'AUTHENTICATED PLANS', '', '', 36.858567, -1.307586),
(782, '209/11517', 0, 'AUTHENTICATED PLANS', '', '', 36.858874, -1.307545),
(783, '209/11517', 0, 'AUTHENTICATED PLANS', '', '', 36.858895, -1.307706),
(784, '209/11517', 0, 'AUTHENTICATED PLANS', '', '', 36.858589, -1.307748),
(785, '209/11516', 0, 'AUTHENTICATED PLANS', '', '', 36.858874, -1.307545),
(786, '209/11516', 0, 'AUTHENTICATED PLANS', '', '', 36.858567, -1.307586),
(787, '209/11516', 0, 'AUTHENTICATED PLANS', '', '', 36.858541, -1.307389),
(788, '209/11516', 0, 'AUTHENTICATED PLANS', '', '', 36.858847, -1.307348),
(789, '209/11516', 0, 'AUTHENTICATED PLANS', '', '', 36.858874, -1.307545),
(790, '209/11515', 0, 'AUTHENTICATED PLANS', '', '', 36.858847, -1.307348),
(791, '209/11515', 0, 'AUTHENTICATED PLANS', '', '', 36.858541, -1.307389),
(792, '209/11515', 0, 'AUTHENTICATED PLANS', '', '', 36.858515, -1.307196),
(793, '209/11515', 0, 'AUTHENTICATED PLANS', '', '', 36.858821, -1.307154),
(794, '209/11515', 0, 'AUTHENTICATED PLANS', '', '', 36.858847, -1.307348),
(795, '209/11514', 0, 'AUTHENTICATED PLANS', '', '', 36.858813, -1.307091),
(796, '209/11514', 0, 'AUTHENTICATED PLANS', '', '', 36.858506, -1.307133),
(797, '209/11514', 0, 'AUTHENTICATED PLANS', '', '', 36.858478, -1.306927),
(798, '209/11514', 0, 'AUTHENTICATED PLANS', '', '', 36.858785, -1.306885),
(799, '209/11514', 0, 'AUTHENTICATED PLANS', '', '', 36.858813, -1.307091),
(800, '209/11513', 0, 'AUTHENTICATED PLANS', '', '', 36.858785, -1.306885),
(801, '209/11513', 0, 'AUTHENTICATED PLANS', '', '', 36.858478, -1.306927),
(802, '209/11513', 0, 'AUTHENTICATED PLANS', '', '', 36.858463, -1.306810),
(803, '209/11513', 0, 'AUTHENTICATED PLANS', '', '', 36.858769, -1.306769),
(804, '209/11513', 0, 'AUTHENTICATED PLANS', '', '', 36.858785, -1.306885),
(805, '209/11512', 0, 'AUTHENTICATED PLANS', '', '', 36.858769, -1.306769),
(806, '209/11512', 0, 'AUTHENTICATED PLANS', '', '', 36.858463, -1.306810),
(807, '209/11512', 0, 'AUTHENTICATED PLANS', '', '', 36.858435, -1.306604),
(808, '209/11512', 0, 'AUTHENTICATED PLANS', '', '', 36.858742, -1.306563),
(809, '209/11512', 0, 'AUTHENTICATED PLANS', '', '', 36.858769, -1.306769),
(810, '209/11524', 0, 'AUTHENTICATED PLANS', '', '', 36.858273, -1.308973),
(811, '209/11524', 0, 'AUTHENTICATED PLANS', '', '', 36.858006, -1.309009),
(812, '209/11524', 0, 'AUTHENTICATED PLANS', '', '', 36.857944, -1.308552),
(813, '209/11524', 0, 'AUTHENTICATED PLANS', '', '', 36.858301, -1.308504),
(814, '209/11524', 0, 'AUTHENTICATED PLANS', '', '', 36.858362, -1.308961),
(815, '209/11524', 0, 'AUTHENTICATED PLANS', '', '', 36.858273, -1.308973),
(816, '209/11523', 0, 'AUTHENTICATED PLANS', '', '', 36.858362, -1.308961),
(817, '209/11523', 0, 'AUTHENTICATED PLANS', '', '', 36.858301, -1.308504),
(818, '209/11523', 0, 'AUTHENTICATED PLANS', '', '', 36.858692, -1.308451),
(819, '209/11523', 0, 'AUTHENTICATED PLANS', '', '', 36.858754, -1.308908),
(820, '209/11523', 0, 'AUTHENTICATED PLANS', '', '', 36.858691, -1.308916),
(821, '209/11523', 0, 'AUTHENTICATED PLANS', '', '', 36.858424, -1.308952),
(822, '209/11523', 0, 'AUTHENTICATED PLANS', '', '', 36.858362, -1.308961),
(823, '209/11522', 0, 'AUTHENTICATED PLANS', '', '', 36.858807, -1.308900),
(824, '209/11522', 0, 'AUTHENTICATED PLANS', '', '', 36.858746, -1.308443),
(825, '209/11522', 0, 'AUTHENTICATED PLANS', '', '', 36.858897, -1.308423),
(826, '209/11522', 0, 'AUTHENTICATED PLANS', '', '', 36.858958, -1.308880),
(827, '209/11522', 0, 'AUTHENTICATED PLANS', '', '', 36.858843, -1.308896),
(828, '209/11522', 0, 'AUTHENTICATED PLANS', '', '', 36.858807, -1.308900),
(829, '209/11521', 0, 'AUTHENTICATED PLANS', '', '', 36.858958, -1.308880),
(830, '209/11521', 0, 'AUTHENTICATED PLANS', '', '', 36.858897, -1.308423),
(831, '209/11521', 0, 'AUTHENTICATED PLANS', '', '', 36.859182, -1.308384),
(832, '209/11521', 0, 'AUTHENTICATED PLANS', '', '', 36.859243, -1.308841),
(833, '209/11521', 0, 'AUTHENTICATED PLANS', '', '', 36.859092, -1.308862),
(834, '209/11521', 0, 'AUTHENTICATED PLANS', '', '', 36.858958, -1.308880),
(835, '209/11530', 0, 'AUTHENTICATED PLANS', '', '', 36.859130, -1.309148),
(836, '209/11530', 0, 'AUTHENTICATED PLANS', '', '', 36.859092, -1.308862),
(837, '209/11530', 0, 'AUTHENTICATED PLANS', '', '', 36.859243, -1.308841),
(838, '209/11530', 0, 'AUTHENTICATED PLANS', '', '', 36.859282, -1.309128),
(839, '209/11530', 0, 'AUTHENTICATED PLANS', '', '', 36.859130, -1.309148),
(840, '209/11528', 0, 'AUTHENTICATED PLANS', '', '', 36.858730, -1.309203),
(841, '209/11528', 0, 'AUTHENTICATED PLANS', '', '', 36.858691, -1.308916),
(842, '209/11528', 0, 'AUTHENTICATED PLANS', '', '', 36.858754, -1.308908),
(843, '209/11528', 0, 'AUTHENTICATED PLANS', '', '', 36.858807, -1.308900),
(844, '209/11528', 0, 'AUTHENTICATED PLANS', '', '', 36.858843, -1.308896),
(845, '209/11528', 0, 'AUTHENTICATED PLANS', '', '', 36.858881, -1.309182),
(846, '209/11528', 0, 'AUTHENTICATED PLANS', '', '', 36.858730, -1.309203),
(847, '209/11529', 0, 'AUTHENTICATED PLANS', '', '', 36.858881, -1.309182),
(848, '209/11529', 0, 'AUTHENTICATED PLANS', '', '', 36.858843, -1.308896),
(849, '209/11529', 0, 'AUTHENTICATED PLANS', '', '', 36.858958, -1.308880),
(850, '209/11529', 0, 'AUTHENTICATED PLANS', '', '', 36.859092, -1.308862),
(851, '209/11529', 0, 'AUTHENTICATED PLANS', '', '', 36.859130, -1.309148),
(852, '209/11529', 0, 'AUTHENTICATED PLANS', '', '', 36.858881, -1.309182),
(853, '209/11525', 0, 'AUTHENTICATED PLANS', '', '', 36.858037, -1.309242),
(854, '209/11525', 0, 'AUTHENTICATED PLANS', '', '', 36.858006, -1.309009),
(855, '209/11525', 0, 'AUTHENTICATED PLANS', '', '', 36.858273, -1.308973),
(856, '209/11525', 0, 'AUTHENTICATED PLANS', '', '', 36.858311, -1.309260),
(857, '209/11525', 0, 'AUTHENTICATED PLANS', '', '', 36.858098, -1.309289),
(858, '209/11525', 0, 'AUTHENTICATED PLANS', '', '', 36.858037, -1.309242),
(859, '209/11526', 0, 'AUTHENTICATED PLANS', '', '', 36.858311, -1.309260),
(860, '209/11526', 0, 'AUTHENTICATED PLANS', '', '', 36.858273, -1.308973),
(861, '209/11526', 0, 'AUTHENTICATED PLANS', '', '', 36.858362, -1.308961),
(862, '209/11526', 0, 'AUTHENTICATED PLANS', '', '', 36.858424, -1.308952),
(863, '209/11526', 0, 'AUTHENTICATED PLANS', '', '', 36.858463, -1.309239),
(864, '209/11526', 0, 'AUTHENTICATED PLANS', '', '', 36.858311, -1.309260),
(865, '209/11527', 0, 'AUTHENTICATED PLANS', '', '', 36.858463, -1.309239),
(866, '209/11527', 0, 'AUTHENTICATED PLANS', '', '', 36.858424, -1.308952),
(867, '209/11527', 0, 'AUTHENTICATED PLANS', '', '', 36.858691, -1.308916),
(868, '209/11527', 0, 'AUTHENTICATED PLANS', '', '', 36.858730, -1.309203),
(869, '209/11527', 0, 'AUTHENTICATED PLANS', '', '', 36.858463, -1.309239),
(870, '209/5023', 0, 'AUTHENTICATED PLANS', '', '', 36.852480, -1.311036),
(871, '209/5023', 0, 'AUTHENTICATED PLANS', '', '', 36.851873, -1.309810),
(872, '209/5023', 0, 'AUTHENTICATED PLANS', '', '', 36.852517, -1.309487),
(873, '209/5023', 0, 'AUTHENTICATED PLANS', '', '', 36.853124, -1.310712),
(874, '209/5023', 0, 'AUTHENTICATED PLANS', '', '', 36.852480, -1.311036),
(875, '209/6503', 0, 'AUTHENTICATED PLANS', '', '', 36.856255, -1.310172),
(876, '209/6503', 0, 'AUTHENTICATED PLANS', '', '', 36.855789, -1.309938),
(877, '209/6503', 0, 'AUTHENTICATED PLANS', '', '', 36.855740, -1.309852),
(878, '209/6503', 0, 'AUTHENTICATED PLANS', '', '', 36.855906, -1.309517),
(879, '209/6503', 0, 'AUTHENTICATED PLANS', '', '', 36.855890, -1.309398),
(880, '209/6503', 0, 'AUTHENTICATED PLANS', '', '', 36.856541, -1.309309),
(881, '209/6503', 0, 'AUTHENTICATED PLANS', '', '', 36.856581, -1.309610),
(882, '209/6503', 0, 'AUTHENTICATED PLANS', '', '', 36.856560, -1.309740),
(883, '209/6503', 0, 'AUTHENTICATED PLANS', '', '', 36.856365, -1.310134),
(884, '209/6503', 0, 'AUTHENTICATED PLANS', '', '', 36.856255, -1.310172),
(885, '209/8208', 0, 'AUTHENTICATED PLANS', '', '', 36.860403, -1.310611),
(886, '209/8208', 0, 'AUTHENTICATED PLANS', '', '', 36.860242, -1.309853),
(887, '209/8208', 0, 'AUTHENTICATED PLANS', '', '', 36.860146, -1.309337),
(888, '209/8208', 0, 'AUTHENTICATED PLANS', '', '', 36.860160, -1.309319),
(889, '209/8208', 0, 'AUTHENTICATED PLANS', '', '', 36.861080, -1.309193),
(890, '209/8208', 0, 'AUTHENTICATED PLANS', '', '', 36.861315, -1.310435),
(891, '209/8208', 0, 'AUTHENTICATED PLANS', '', '', 36.861335, -1.310890),
(892, '209/8208', 0, 'AUTHENTICATED PLANS', '', '', 36.861274, -1.311299),
(893, '209/8208', 0, 'AUTHENTICATED PLANS', '', '', 36.860510, -1.311403),
(894, '209/8208', 0, 'AUTHENTICATED PLANS', '', '', 36.860403, -1.310611),
(895, '209/8194', 0, 'AUTHENTICATED PLANS', '', '', 36.860083, -1.309885),
(896, '209/8194', 0, 'AUTHENTICATED PLANS', '', '', 36.859296, -1.309992),
(897, '209/8194', 0, 'AUTHENTICATED PLANS', '', '', 36.859223, -1.309446),
(898, '209/8194', 0, 'AUTHENTICATED PLANS', '', '', 36.859929, -1.309350),
(899, '209/8194', 0, 'AUTHENTICATED PLANS', '', '', 36.859993, -1.309397),
(900, '209/8194', 0, 'AUTHENTICATED PLANS', '', '', 36.860083, -1.309885),
(901, '209/8560', 0, 'AUTHENTICATED PLANS', '', '', 36.860139, -1.310486),
(902, '209/8560', 0, 'AUTHENTICATED PLANS', '', '', 36.859377, -1.310593),
(903, '209/8560', 0, 'AUTHENTICATED PLANS', '', '', 36.859296, -1.309992),
(904, '209/8560', 0, 'AUTHENTICATED PLANS', '', '', 36.860083, -1.309885),
(905, '209/8560', 0, 'AUTHENTICATED PLANS', '', '', 36.860187, -1.310427),
(906, '209/8560', 0, 'AUTHENTICATED PLANS', '', '', 36.860139, -1.310486),
(907, '209/9663', 0, 'AUTHENTICATED PLANS', '', '', 36.859938, -1.307981),
(908, '209/9663', 0, 'AUTHENTICATED PLANS', '', '', 36.859198, -1.308219),
(909, '209/9663', 0, 'AUTHENTICATED PLANS', '', '', 36.858968, -1.308250),
(910, '209/9663', 0, 'AUTHENTICATED PLANS', '', '', 36.858902, -1.307760),
(911, '209/9663', 0, 'AUTHENTICATED PLANS', '', '', 36.859828, -1.307634),
(912, '209/9663', 0, 'AUTHENTICATED PLANS', '', '', 36.859938, -1.307981),
(913, '209/4245/2', 0, 'AUTHENTICATED PLANS', '', '', 36.851568, -1.305830),
(914, '209/4245/2', 0, 'AUTHENTICATED PLANS', '', '', 36.851433, -1.304826),
(915, '209/4245/2', 0, 'AUTHENTICATED PLANS', '', '', 36.851886, -1.304764),
(916, '209/4245/2', 0, 'AUTHENTICATED PLANS', '', '', 36.852003, -1.305632),
(917, '209/4245/2', 0, 'AUTHENTICATED PLANS', '', '', 36.852898, -1.305510),
(918, '209/4245/2', 0, 'AUTHENTICATED PLANS', '', '', 36.852917, -1.305647),
(919, '209/4245/2', 0, 'AUTHENTICATED PLANS', '', '', 36.851568, -1.305830),
(920, '209/4245/1', 0, 'AUTHENTICATED PLANS', '', '', 36.852898, -1.305510),
(921, '209/4245/1', 0, 'AUTHENTICATED PLANS', '', '', 36.852003, -1.305632),
(922, '209/4245/1', 0, 'AUTHENTICATED PLANS', '', '', 36.851886, -1.304764),
(923, '209/4245/1', 0, 'AUTHENTICATED PLANS', '', '', 36.852782, -1.304643),
(924, '209/4245/1', 0, 'AUTHENTICATED PLANS', '', '', 36.852898, -1.305510),
(925, '209/4546', 0, 'AUTHENTICATED PLANS', '', '', 36.855740, -1.309852),
(926, '209/4546', 0, 'AUTHENTICATED PLANS', '', '', 36.855081, -1.309522),
(927, '209/4546', 0, 'AUTHENTICATED PLANS', '', '', 36.855106, -1.309442),
(928, '209/4546', 0, 'AUTHENTICATED PLANS', '', '', 36.855118, -1.309371),
(929, '209/4546', 0, 'AUTHENTICATED PLANS', '', '', 36.855131, -1.309301),
(930, '209/4546', 0, 'AUTHENTICATED PLANS', '', '', 36.855137, -1.309222),
(931, '209/4546', 0, 'AUTHENTICATED PLANS', '', '', 36.856504, -1.309036),
(932, '209/4546', 0, 'AUTHENTICATED PLANS', '', '', 36.856541, -1.309309),
(933, '209/4546', 0, 'AUTHENTICATED PLANS', '', '', 36.855890, -1.309398),
(934, '209/4546', 0, 'AUTHENTICATED PLANS', '', '', 36.855906, -1.309517),
(935, '209/4546', 0, 'AUTHENTICATED PLANS', '', '', 36.855883, -1.309566),
(936, '209/4546', 0, 'AUTHENTICATED PLANS', '', '', 36.855740, -1.309852),
(937, '209/9022', 0, 'AUTHENTICATED PLANS', '', '', 36.857199, -1.308652),
(938, '209/9022', 0, 'AUTHENTICATED PLANS', '', '', 36.857035, -1.307436),
(939, '209/9022', 0, 'AUTHENTICATED PLANS', '', '', 36.857578, -1.307362),
(940, '209/9022', 0, 'AUTHENTICATED PLANS', '', '', 36.857741, -1.308578),
(941, '209/9022', 0, 'AUTHENTICATED PLANS', '', '', 36.857199, -1.308652),
(942, 'G.L', 0, 'AUTHENTICATED PLANS', '', '', 36.855075, -1.309524),
(943, 'G.L', 0, 'AUTHENTICATED PLANS', '', '', 36.855569, -1.309768),
(944, 'G.L', 0, 'AUTHENTICATED PLANS', '', '', 36.855462, -1.309997),
(945, 'G.L', 0, 'AUTHENTICATED PLANS', '', '', 36.855605, -1.310071),
(946, 'G.L', 0, 'AUTHENTICATED PLANS', '', '', 36.855712, -1.310034),
(947, 'G.L', 0, 'AUTHENTICATED PLANS', '', '', 36.856173, -1.310257),
(948, 'G.L', 0, 'AUTHENTICATED PLANS', '', '', 36.856214, -1.310366),
(949, 'G.L', 0, 'AUTHENTICATED PLANS', '', '', 36.854940, -1.313082),
(950, 'G.L', 0, 'AUTHENTICATED PLANS', '', '', 36.851340, -1.311818),
(951, 'G.L', 0, 'AUTHENTICATED PLANS', '', '', 36.854641, -1.310097),
(952, 'G.L', 0, 'AUTHENTICATED PLANS', '', '', 36.854707, -1.310044),
(953, 'G.L', 0, 'AUTHENTICATED PLANS', '', '', 36.854804, -1.309948),
(954, 'G.L', 0, 'AUTHENTICATED PLANS', '', '', 36.854891, -1.309840),
(955, 'G.L', 0, 'AUTHENTICATED PLANS', '', '', 36.854959, -1.309752),
(956, 'G.L', 0, 'AUTHENTICATED PLANS', '', '', 36.855023, -1.309643),
(957, 'G.L', 0, 'AUTHENTICATED PLANS', '', '', 36.855050, -1.309587),
(958, 'G.L', 0, 'AUTHENTICATED PLANS', '', '', 36.855075, -1.309524),
(959, '209/4675', 0, 'AUTHENTICATED PLANS', '', '', 36.856819, -1.309303),
(960, '209/4675', 0, 'AUTHENTICATED PLANS', '', '', 36.856702, -1.308299),
(961, '209/4675', 0, 'AUTHENTICATED PLANS', '', '', 36.856792, -1.308167),
(962, '209/4675', 0, 'AUTHENTICATED PLANS', '', '', 36.857097, -1.308128),
(963, '209/4675', 0, 'AUTHENTICATED PLANS', '', '', 36.857240, -1.309369),
(964, '209/4675', 0, 'AUTHENTICATED PLANS', '', '', 36.856957, -1.309409),
(965, '209/4675', 0, 'AUTHENTICATED PLANS', '', '', 36.856819, -1.309303),
(966, '209/4255', 0, 'AUTHENTICATED PLANS', '', '', 36.853124, -1.310712),
(967, '209/4255', 0, 'AUTHENTICATED PLANS', '', '', 36.852517, -1.309487),
(968, '209/4255', 0, 'AUTHENTICATED PLANS', '', '', 36.852813, -1.309338),
(969, '209/4255', 0, 'AUTHENTICATED PLANS', '', '', 36.852942, -1.309263),
(970, '209/4255', 0, 'AUTHENTICATED PLANS', '', '', 36.853060, -1.309172),
(971, '209/4255', 0, 'AUTHENTICATED PLANS', '', '', 36.853167, -1.309068),
(972, '209/4255', 0, 'AUTHENTICATED PLANS', '', '', 36.853260, -1.308950),
(973, '209/4255', 0, 'AUTHENTICATED PLANS', '', '', 36.853338, -1.308822),
(974, '209/4255', 0, 'AUTHENTICATED PLANS', '', '', 36.853399, -1.308685),
(975, '209/4255', 0, 'AUTHENTICATED PLANS', '', '', 36.854895, -1.308504),
(976, '209/4255', 0, 'AUTHENTICATED PLANS', '', '', 36.854966, -1.309036),
(977, '209/4255', 0, 'AUTHENTICATED PLANS', '', '', 36.854975, -1.309173),
(978, '209/4255', 0, 'AUTHENTICATED PLANS', '', '', 36.854965, -1.309309),
(979, '209/4255', 0, 'AUTHENTICATED PLANS', '', '', 36.854937, -1.309443),
(980, '209/4255', 0, 'AUTHENTICATED PLANS', '', '', 36.854890, -1.309572),
(981, '209/4255', 0, 'AUTHENTICATED PLANS', '', '', 36.854827, -1.309693),
(982, '209/4255', 0, 'AUTHENTICATED PLANS', '', '', 36.854747, -1.309804),
(983, '209/4255', 0, 'AUTHENTICATED PLANS', '', '', 36.854653, -1.309903),
(984, '209/4255', 0, 'AUTHENTICATED PLANS', '', '', 36.854546, -1.309988),
(985, '209/4255', 0, 'AUTHENTICATED PLANS', '', '', 36.854429, -1.310058),
(986, '209/4255', 0, 'AUTHENTICATED PLANS', '', '', 36.853124, -1.310712),
(987, '209/4256', 0, 'AUTHENTICATED PLANS', '', '', 36.854895, -1.308504),
(988, '209/4256', 0, 'AUTHENTICATED PLANS', '', '', 36.853399, -1.308685),
(989, '209/4256', 0, 'AUTHENTICATED PLANS', '', '', 36.853444, -1.308542),
(990, '209/4256', 0, 'AUTHENTICATED PLANS', '', '', 36.853470, -1.308394),
(991, '209/4256', 0, 'AUTHENTICATED PLANS', '', '', 36.853477, -1.308244),
(992, '209/4256', 0, 'AUTHENTICATED PLANS', '', '', 36.853473, -1.308142),
(993, '209/4256', 0, 'AUTHENTICATED PLANS', '', '', 36.854822, -1.307958),
(994, '209/4256', 0, 'AUTHENTICATED PLANS', '', '', 36.854895, -1.308504),
(995, '209/4257', 0, 'AUTHENTICATED PLANS', '', '', 36.854811, -1.307876),
(996, '209/4257', 0, 'AUTHENTICATED PLANS', '', '', 36.853462, -1.308060),
(997, '209/4257', 0, 'AUTHENTICATED PLANS', '', '', 36.853398, -1.307581),
(998, '209/4257', 0, 'AUTHENTICATED PLANS', '', '', 36.854746, -1.307398),
(999, '209/4257', 0, 'AUTHENTICATED PLANS', '', '', 36.854811, -1.307876),
(1000, '209/4275', 0, 'AUTHENTICATED PLANS', '', '', 36.854991, -1.307997),
(1001, '209/4275', 0, 'AUTHENTICATED PLANS', '', '', 36.854895, -1.307279),
(1002, '209/4275', 0, 'AUTHENTICATED PLANS', '', '', 36.856244, -1.307096),
(1003, '209/4275', 0, 'AUTHENTICATED PLANS', '', '', 36.856340, -1.307814),
(1004, '209/4275', 0, 'AUTHENTICATED PLANS', '', '', 36.854991, -1.307997),
(1005, '209/4276', 0, 'AUTHENTICATED PLANS', '', '', 36.856404, -1.308292),
(1006, '209/4276', 0, 'AUTHENTICATED PLANS', '', '', 36.855056, -1.308476),
(1007, '209/4276', 0, 'AUTHENTICATED PLANS', '', '', 36.854991, -1.307997),
(1008, '209/4276', 0, 'AUTHENTICATED PLANS', '', '', 36.856340, -1.307814),
(1009, '209/4276', 0, 'AUTHENTICATED PLANS', '', '', 36.856404, -1.308292),
(1010, '209/4274', 0, 'AUTHENTICATED PLANS', '', '', 36.854895, -1.307279),
(1011, '209/4274', 0, 'AUTHENTICATED PLANS', '', '', 36.854734, -1.306083),
(1012, '209/4274', 0, 'AUTHENTICATED PLANS', '', '', 36.856083, -1.305899),
(1013, '209/4274', 0, 'AUTHENTICATED PLANS', '', '', 36.856244, -1.307096),
(1014, '209/4274', 0, 'AUTHENTICATED PLANS', '', '', 36.854895, -1.307279),
(1015, '209/4258', 0, 'AUTHENTICATED PLANS', '', '', 36.854746, -1.307398),
(1016, '209/4258', 0, 'AUTHENTICATED PLANS', '', '', 36.853398, -1.307581),
(1017, '209/4258', 0, 'AUTHENTICATED PLANS', '', '', 36.853333, -1.307103),
(1018, '209/4258', 0, 'AUTHENTICATED PLANS', '', '', 36.854682, -1.306920),
(1019, '209/4258', 0, 'AUTHENTICATED PLANS', '', '', 36.854746, -1.307398),
(1020, '209/4277', 0, 'AUTHENTICATED PLANS', '', '', 36.855138, -1.309139),
(1021, '209/4277', 0, 'AUTHENTICATED PLANS', '', '', 36.855127, -1.309005),
(1022, '209/4277', 0, 'AUTHENTICATED PLANS', '', '', 36.855056, -1.308476),
(1023, '209/4277', 0, 'AUTHENTICATED PLANS', '', '', 36.856404, -1.308292),
(1024, '209/4277', 0, 'AUTHENTICATED PLANS', '', '', 36.856493, -1.308954),
(1025, '209/4277', 0, 'AUTHENTICATED PLANS', '', '', 36.855138, -1.309139),
(1026, '209/4259', 0, 'AUTHENTICATED PLANS', '', '', 36.854682, -1.306920),
(1027, '209/4259', 0, 'AUTHENTICATED PLANS', '', '', 36.853333, -1.307103),
(1028, '209/4259', 0, 'AUTHENTICATED PLANS', '', '', 36.853302, -1.306869),
(1029, '209/4259', 0, 'AUTHENTICATED PLANS', '', '', 36.854651, -1.306685),
(1030, '209/4259', 0, 'AUTHENTICATED PLANS', '', '', 36.854682, -1.306920),
(1031, '209/4273', 0, 'AUTHENTICATED PLANS', '', '', 36.854734, -1.306083),
(1032, '209/4273', 0, 'AUTHENTICATED PLANS', '', '', 36.854413, -1.303690),
(1033, '209/4273', 0, 'AUTHENTICATED PLANS', '', '', 36.855761, -1.303506),
(1034, '209/4273', 0, 'AUTHENTICATED PLANS', '', '', 36.856083, -1.305899),
(1035, '209/4273', 0, 'AUTHENTICATED PLANS', '', '', 36.854734, -1.306083),
(1036, '209/4263', 0, 'AUTHENTICATED PLANS', '', '', 36.854489, -1.305481),
(1037, '209/4263', 0, 'AUTHENTICATED PLANS', '', '', 36.853140, -1.305664),
(1038, '209/4263', 0, 'AUTHENTICATED PLANS', '', '', 36.853076, -1.305186),
(1039, '209/4263', 0, 'AUTHENTICATED PLANS', '', '', 36.854425, -1.305002),
(1040, '209/4263', 0, 'AUTHENTICATED PLANS', '', '', 36.854489, -1.305481),
(1041, '209/4260', 0, 'AUTHENTICATED PLANS', '', '', 36.854651, -1.306685),
(1042, '209/4260', 0, 'AUTHENTICATED PLANS', '', '', 36.853302, -1.306869),
(1043, '209/4260', 0, 'AUTHENTICATED PLANS', '', '', 36.853236, -1.306379),
(1044, '209/4260', 0, 'AUTHENTICATED PLANS', '', '', 36.854585, -1.306194),
(1045, '209/4260', 0, 'AUTHENTICATED PLANS', '', '', 36.854651, -1.306685);

-- --------------------------------------------------------

--
-- Table structure for table `title_search`
--

CREATE TABLE IF NOT EXISTS `title_search` (
  `title_search_id` int(11) NOT NULL AUTO_INCREMENT,
  `updated_by` varchar(100) NOT NULL,
  `date_updated` varchar(50) NOT NULL,
  `title_number` varchar(80) NOT NULL,
  `title_type` varchar(30) NOT NULL,
  `year_from` varchar(50) NOT NULL,
  `land_owner_id` varchar(30) NOT NULL,
  `green_card_id` varchar(30) NOT NULL,
  `county_registration_area` varchar(80) NOT NULL,
  `district_registration_area` varchar(80) NOT NULL,
  `parcel_number` varchar(20) NOT NULL,
  `area_hectares` varchar(50) NOT NULL,
  `sheet_no` varchar(50) NOT NULL,
  PRIMARY KEY (`title_search_id`)
) ENGINE=InnoDB  DEFAULT CHARSET=latin1 AUTO_INCREMENT=32 ;

--
-- Dumping data for table `title_search`
--

INSERT INTO `title_search` (`title_search_id`, `updated_by`, `date_updated`, `title_number`, `title_type`, `year_from`, `land_owner_id`, `green_card_id`, `county_registration_area`, `district_registration_area`, `parcel_number`, `area_hectares`, `sheet_no`) VALUES
(1, '', '', 'lr 96704', '', '', '', '', '', '', '209/8623/1', '', ''),
(2, '', '', 'lr 116362', '', '', '', '', '', '', '209/8623/2', '', ''),
(3, '', '', 'lr 2575', '', '', '', '', '', '', '209/8296/1', '', ''),
(4, '', '', 'lr 312312', '', '', '', '', '', '', '209/8296/2', '', ''),
(5, '', '', 'lr 565456', '', '', '', '', '', '', '209/8559/1', '', ''),
(6, '', '', 'lr 564665', '', '', '', '', '', '', '209/8559/2', '', ''),
(7, '', '', 'lr 243/43/34', '', '', '', '', '', '', '209/7611', '', ''),
(8, '', '', 'lr 645643', '', '', '', '', '', '', '209/4251', '', ''),
(9, '', '', 'lr 46547', '', '', '', '', '', '', '209/4250', '', ''),
(10, '', '', 'lr 653482', '', '', '', '', '', '', '209/4248', '', ''),
(11, '', '', 'lr 23344', '', '', '', '', '', '', '209/4247', '', ''),
(12, '', '', 'lr 73473', '', '', '', '', '', '', '209/4246', '', ''),
(13, '', '', 'lr 427545', '', '', '', '', '', '', '209/8642', '', ''),
(14, '', '', 'lr 343242', '', '', '', '', '', '', '209/13224', '', ''),
(15, '', '', 'lr 56565', '', '', '', '', '', '', '209/7410', '', ''),
(16, '', '', 'lr 34234', '', '', '', '', '', '', '209/7139', '', ''),
(17, '', '', 'lr 344/434', '', '', '', '', '', '', '209/7974', '', ''),
(18, '', '', 'lr 343243', '', '', '', '', '', '', '209/11607', '', ''),
(19, '', '', 'lr 231423', '', '', '', '', '', '', '209/4249/1', '', ''),
(20, '', '', 'lr 42342/2', '', '', '', '', '', '', '209/4249/2', '', ''),
(21, '', '', 'lr 87663', '', '', '', '', '', '', '209/4249/3', '', ''),
(22, '', '', 'lr 736473', '', '', '', '', '', '', '209/4249/4', '', ''),
(23, '', '', 'lr 341231', '', '', '', '', '', '', '209/11464', '', ''),
(24, '', '', 'lr 842342', '', '', '', '', '', '', '209/11486', '', ''),
(25, '', '', 'lr 123234', '', '', '', '', '', '', '209/11487', '', ''),
(26, '', '', 'lr 34237', '', '', '', '', '', '', '209/11488', '', ''),
(27, '', '', 'lr 354234', '', '', '', '', '', '', '209/11489', '', ''),
(28, '', '', 'lr 34823', '', '', '', '', '', '', '209/11490', '', ''),
(29, '', '', 'lr 3647324', '', '', '', '', '', '', '209/11491', '', ''),
(30, '', '', 'lr 843248', '', '', '', '', '', '', '209/11492', '', ''),
(31, '', '', 'lr 96704', '', '', '', '', '', '', '', '', '');

-- --------------------------------------------------------

--
-- Table structure for table `user_details`
--

CREATE TABLE IF NOT EXISTS `user_details` (
  `user_id` int(50) NOT NULL AUTO_INCREMENT,
  `first_name` varchar(50) NOT NULL,
  `surname` varchar(50) NOT NULL,
  `last_name` varchar(50) NOT NULL,
  `national_id` varchar(20) NOT NULL,
  `photo_id` varchar(50) NOT NULL,
  `web_address` varchar(100) NOT NULL DEFAULT 'http://',
  `county_id` varchar(80) NOT NULL,
  `ward` varchar(80) NOT NULL,
  `gender` varchar(50) NOT NULL,
  `email_address` varchar(50) NOT NULL,
  `password` varchar(100) NOT NULL,
  `mobile_no` varchar(50) NOT NULL,
  `date_created` varchar(255) NOT NULL,
  `created_by` varchar(50) NOT NULL,
  `details_last_updated` varchar(255) NOT NULL,
  `details_updated_by` varchar(50) NOT NULL,
  `user_role` varchar(20) NOT NULL,
  PRIMARY KEY (`user_id`),
  KEY `created_by` (`created_by`,`details_updated_by`)
) ENGINE=InnoDB  DEFAULT CHARSET=latin1 AUTO_INCREMENT=19 ;

--
-- Dumping data for table `user_details`
--

INSERT INTO `user_details` (`user_id`, `first_name`, `surname`, `last_name`, `national_id`, `photo_id`, `web_address`, `county_id`, `ward`, `gender`, `email_address`, `password`, `mobile_no`, `date_created`, `created_by`, `details_last_updated`, `details_updated_by`, `user_role`) VALUES
(17, 'ANTHONY', 'MURIUKI', 'WANJOHI', '29207541', '', 'http://www.medcolor.com', '30', 'westlands', 'male', 'awanjohim@gmail.com', '41b1ce9df99038935005b3754b6cefb9', '0721567977', '', '', '', '', 'landowner'),
(18, 'PETER', 'MURIUKI', 'MWANGI', '321124314', '', 'http://www.landgis.com', '28', 'nyali', 'male', 'pmwangi@gmail.com', '41b1ce9df99038935005b3754b6cefb9', '0716304004', '', '', '', '', 'admin');

-- --------------------------------------------------------

--
-- Table structure for table `user_search`
--

CREATE TABLE IF NOT EXISTS `user_search` (
  `user_search_id` int(11) NOT NULL AUTO_INCREMENT,
  `user_id` varchar(80) NOT NULL,
  `date` varchar(80) NOT NULL,
  `title_search_id` varchar(80) NOT NULL,
  `amount` varchar(80) NOT NULL,
  `parcel_number` varchar(80) NOT NULL,
  `title_number` varchar(80) NOT NULL,
  `purpose` varchar(80) NOT NULL,
  `mobile_no` varchar(30) NOT NULL,
  `payment_status` varchar(100) NOT NULL,
  PRIMARY KEY (`user_search_id`)
) ENGINE=InnoDB  DEFAULT CHARSET=latin1 AUTO_INCREMENT=234 ;

--
-- Dumping data for table `user_search`
--

INSERT INTO `user_search` (`user_search_id`, `user_id`, `date`, `title_search_id`, `amount`, `parcel_number`, `title_number`, `purpose`, `mobile_no`, `payment_status`) VALUES
(217, '17', '2016-04-18 04:02:38pm', '7', '', '209/7611', 'LR 243/43/34', 'To buy this land for development', '0721567977', ''),
(221, '17', '2016-04-18 04:49:26pm', '11', '', '209/4247', 'LR 23344', 'To subdivide', '0721567977', ''),
(222, '17', '2016-04-18 04:57:02pm', '11', '', '209/4247', 'LR 23344', 'To subdivide', '0721567977', ''),
(223, '17', '2016-04-18 04:58:38pm', '11', '', '209/4247', 'LR 23344', 'To subdivide', '0721567977', ''),
(224, '17', '2016-04-26 11:41:36am', '9', '', '209/4250', 'LR 46547', 'To sell land.', '0721567977', ''),
(225, '17', '2016-04-26 03:14:22pm', '15', '', '209/7410', 'LR 56565', 'to sell land', '0721567977', ''),
(226, '17', '2016-04-26 03:15:10pm', '17', '', '209/7974', 'LR 344/434', 'To know ownership', '0721567977', ''),
(227, '17', '2016-04-26 03:17:10pm', '20', '', '209/4249/2', 'LR 42342/2', 'To sell', '0721567977', ''),
(229, '17', '2016-04-26 03:20:08pm', '14', '', '209/13224', 'LR 343242', 'To subdivide', '0721567977', ''),
(230, '17', '2016-04-26 03:21:38pm', '19', '', '209/4249/1', 'LR 231423', 'To sell land', '0721567977', ''),
(231, '17', '2016-04-26 03:22:24pm', '10', '', '209/4248', 'LR 653482', 'To know of pending cases', '0721567977', ''),
(232, '17', '2016-04-26 07:07:07pm', '19', '', '209/4249/1', 'LR 231423', 'to know of pending..', '0721567977', ''),
(233, '17', '2016-04-26 07:33:32pm', '22', '', '209/4249/4', 'LR 736473', 'To sell land', '0721567977', '');

/*!40101 SET CHARACTER_SET_CLIENT=@OLD_CHARACTER_SET_CLIENT */;
/*!40101 SET CHARACTER_SET_RESULTS=@OLD_CHARACTER_SET_RESULTS */;
/*!40101 SET COLLATION_CONNECTION=@OLD_COLLATION_CONNECTION */;
